tag1,tag2
yeahbaby,collegelife
yeahbaby,whatilove
yeahbaby,appointmentsavailable
yeahbaby,makeup
yeahbaby,esthetics
yeahbaby,carrboro
yeahbaby,chapelhill
yeahbaby,raleigh
yeahbaby,lovemylife
yeahbaby,unc
yeahbaby,nc
yeahbaby,learning
yeahbaby,color
yeahbaby,mua
collegelife,whatilove
collegelife,appointmentsavailable
collegelife,makeup
collegelife,esthetics
collegelife,carrboro
collegelife,chapelhill
collegelife,raleigh
collegelife,lovemylife
collegelife,unc
collegelife,nc
collegelife,learning
collegelife,color
collegelife,mua
whatilove,appointmentsavailable
whatilove,makeup
whatilove,esthetics
whatilove,carrboro
whatilove,chapelhill
whatilove,raleigh
whatilove,lovemylife
whatilove,unc
whatilove,nc
whatilove,learning
whatilove,color
whatilove,mua
appointmentsavailable,makeup
appointmentsavailable,esthetics
appointmentsavailable,carrboro
appointmentsavailable,chapelhill
appointmentsavailable,raleigh
appointmentsavailable,lovemylife
appointmentsavailable,unc
appointmentsavailable,nc
appointmentsavailable,learning
appointmentsavailable,color
appointmentsavailable,mua
makeup,esthetics
makeup,carrboro
makeup,chapelhill
makeup,raleigh
makeup,lovemylife
makeup,unc
makeup,nc
makeup,learning
makeup,color
makeup,mua
esthetics,carrboro
esthetics,chapelhill
esthetics,raleigh
esthetics,lovemylife
esthetics,unc
esthetics,nc
esthetics,learning
esthetics,color
esthetics,mua
carrboro,chapelhill
carrboro,raleigh
carrboro,lovemylife
carrboro,unc
carrboro,nc
carrboro,learning
carrboro,color
carrboro,mua
chapelhill,raleigh
chapelhill,lovemylife
chapelhill,unc
chapelhill,nc
chapelhill,learning
chapelhill,color
chapelhill,mua
raleigh,lovemylife
raleigh,unc
raleigh,nc
raleigh,learning
raleigh,color
raleigh,mua
lovemylife,unc
lovemylife,nc
lovemylife,learning
lovemylife,color
lovemylife,mua
unc,nc
unc,learning
unc,color
unc,mua
nc,learning
nc,color
nc,mua
learning,color
learning,mua
color,mua
mondays,thecave
mondays,chapelhill
mondays,candyambulance
mondays,tenderbabies
mondays,ontour
mondays,carrboro
thecave,chapelhill
thecave,candyambulance
thecave,tenderbabies
thecave,ontour
thecave,carrboro
chapelhill,candyambulance
chapelhill,tenderbabies
chapelhill,ontour
chapelhill,carrboro
candyambulance,tenderbabies
candyambulance,ontour
candyambulance,carrboro
tenderbabies,ontour
tenderbabies,carrboro
ontour,carrboro
southernweddings,southernnoirweddings
southernweddings,weddings
southernweddings,love
southernweddings,passion
southernweddings,weddingpros
southernweddings,raleigh
southernweddings,durham
southernweddings,cary
southernweddings,chapelhill
southernnoirweddings,weddings
southernnoirweddings,love
southernnoirweddings,passion
southernnoirweddings,weddingpros
southernnoirweddings,raleigh
southernnoirweddings,durham
southernnoirweddings,cary
southernnoirweddings,chapelhill
weddings,love
weddings,passion
weddings,weddingpros
weddings,raleigh
weddings,durham
weddings,cary
weddings,chapelhill
love,passion
love,weddingpros
love,raleigh
love,durham
love,cary
love,chapelhill
passion,weddingpros
passion,raleigh
passion,durham
passion,cary
passion,chapelhill
weddingpros,raleigh
weddingpros,durham
weddingpros,cary
weddingpros,chapelhill
raleigh,durham
raleigh,cary
raleigh,chapelhill
durham,cary
durham,chapelhill
cary,chapelhill
happybirthdaytome,35yearsold
happybirthdaytome,mygirllovesme
happybirthdaytome,letsgotarheels
happybirthdaytome,shelovesme
happybirthdaytome,unc
happybirthdaytome,heelyeah
happybirthdaytome,greatday
happybirthdaytome,onelove
happybirthdaytome,diehardfan
happybirthdaytome,tarheels
happybirthdaytome,chapelhill
happybirthdaytome,ihavethebestgirlfriend
happybirthdaytome,demsneakers
happybirthdaytome,myday
happybirthdaytome,solucky
35yearsold,mygirllovesme
35yearsold,letsgotarheels
35yearsold,shelovesme
35yearsold,unc
35yearsold,heelyeah
35yearsold,greatday
35yearsold,onelove
35yearsold,diehardfan
35yearsold,tarheels
35yearsold,chapelhill
35yearsold,ihavethebestgirlfriend
35yearsold,demsneakers
35yearsold,myday
35yearsold,solucky
mygirllovesme,letsgotarheels
mygirllovesme,shelovesme
mygirllovesme,unc
mygirllovesme,heelyeah
mygirllovesme,greatday
mygirllovesme,onelove
mygirllovesme,diehardfan
mygirllovesme,tarheels
mygirllovesme,chapelhill
mygirllovesme,ihavethebestgirlfriend
mygirllovesme,demsneakers
mygirllovesme,myday
mygirllovesme,solucky
letsgotarheels,shelovesme
letsgotarheels,unc
letsgotarheels,heelyeah
letsgotarheels,greatday
letsgotarheels,onelove
letsgotarheels,diehardfan
letsgotarheels,tarheels
letsgotarheels,chapelhill
letsgotarheels,ihavethebestgirlfriend
letsgotarheels,demsneakers
letsgotarheels,myday
letsgotarheels,solucky
shelovesme,unc
shelovesme,heelyeah
shelovesme,greatday
shelovesme,onelove
shelovesme,diehardfan
shelovesme,tarheels
shelovesme,chapelhill
shelovesme,ihavethebestgirlfriend
shelovesme,demsneakers
shelovesme,myday
shelovesme,solucky
unc,heelyeah
unc,greatday
unc,onelove
unc,diehardfan
unc,tarheels
unc,chapelhill
unc,ihavethebestgirlfriend
unc,demsneakers
unc,myday
unc,solucky
heelyeah,greatday
heelyeah,onelove
heelyeah,diehardfan
heelyeah,tarheels
heelyeah,chapelhill
heelyeah,ihavethebestgirlfriend
heelyeah,demsneakers
heelyeah,myday
heelyeah,solucky
greatday,onelove
greatday,diehardfan
greatday,tarheels
greatday,chapelhill
greatday,ihavethebestgirlfriend
greatday,demsneakers
greatday,myday
greatday,solucky
onelove,diehardfan
onelove,tarheels
onelove,chapelhill
onelove,ihavethebestgirlfriend
onelove,demsneakers
onelove,myday
onelove,solucky
diehardfan,tarheels
diehardfan,chapelhill
diehardfan,ihavethebestgirlfriend
diehardfan,demsneakers
diehardfan,myday
diehardfan,solucky
tarheels,chapelhill
tarheels,ihavethebestgirlfriend
tarheels,demsneakers
tarheels,myday
tarheels,solucky
chapelhill,ihavethebestgirlfriend
chapelhill,demsneakers
chapelhill,myday
chapelhill,solucky
ihavethebestgirlfriend,demsneakers
ihavethebestgirlfriend,myday
ihavethebestgirlfriend,solucky
demsneakers,myday
demsneakers,solucky
myday,solucky
chapelhill,unc
chapelhill,uncfootball
chapelhill,tarheels
chapelhill,collegetour
unc,uncfootball
unc,tarheels
unc,collegetour
uncfootball,tarheels
uncfootball,collegetour
tarheels,collegetour
bass,live
bass,jam
bass,rock
bass,industrial
bass,synth
bass,vape
bass,dabs
bass,legalizeit
bass,wewilltriumph
bass,wewillfight
bass,chatham
bass,carrboro
bass,chapelhill
bass,pittsboro
bass,saxapahaw
bass,apostate
bass,craftbeer
bass,stoner
bass,stoners
live,jam
live,rock
live,industrial
live,synth
live,vape
live,dabs
live,legalizeit
live,wewilltriumph
live,wewillfight
live,chatham
live,carrboro
live,chapelhill
live,pittsboro
live,saxapahaw
live,apostate
live,craftbeer
live,stoner
live,stoners
jam,rock
jam,industrial
jam,synth
jam,vape
jam,dabs
jam,legalizeit
jam,wewilltriumph
jam,wewillfight
jam,chatham
jam,carrboro
jam,chapelhill
jam,pittsboro
jam,saxapahaw
jam,apostate
jam,craftbeer
jam,stoner
jam,stoners
rock,industrial
rock,synth
rock,vape
rock,dabs
rock,legalizeit
rock,wewilltriumph
rock,wewillfight
rock,chatham
rock,carrboro
rock,chapelhill
rock,pittsboro
rock,saxapahaw
rock,apostate
rock,craftbeer
rock,stoner
rock,stoners
industrial,synth
industrial,vape
industrial,dabs
industrial,legalizeit
industrial,wewilltriumph
industrial,wewillfight
industrial,chatham
industrial,carrboro
industrial,chapelhill
industrial,pittsboro
industrial,saxapahaw
industrial,apostate
industrial,craftbeer
industrial,stoner
industrial,stoners
synth,vape
synth,dabs
synth,legalizeit
synth,wewilltriumph
synth,wewillfight
synth,chatham
synth,carrboro
synth,chapelhill
synth,pittsboro
synth,saxapahaw
synth,apostate
synth,craftbeer
synth,stoner
synth,stoners
vape,dabs
vape,legalizeit
vape,wewilltriumph
vape,wewillfight
vape,chatham
vape,carrboro
vape,chapelhill
vape,pittsboro
vape,saxapahaw
vape,apostate
vape,craftbeer
vape,stoner
vape,stoners
dabs,legalizeit
dabs,wewilltriumph
dabs,wewillfight
dabs,chatham
dabs,carrboro
dabs,chapelhill
dabs,pittsboro
dabs,saxapahaw
dabs,apostate
dabs,craftbeer
dabs,stoner
dabs,stoners
legalizeit,wewilltriumph
legalizeit,wewillfight
legalizeit,chatham
legalizeit,carrboro
legalizeit,chapelhill
legalizeit,pittsboro
legalizeit,saxapahaw
legalizeit,apostate
legalizeit,craftbeer
legalizeit,stoner
legalizeit,stoners
wewilltriumph,wewillfight
wewilltriumph,chatham
wewilltriumph,carrboro
wewilltriumph,chapelhill
wewilltriumph,pittsboro
wewilltriumph,saxapahaw
wewilltriumph,apostate
wewilltriumph,craftbeer
wewilltriumph,stoner
wewilltriumph,stoners
wewillfight,chatham
wewillfight,carrboro
wewillfight,chapelhill
wewillfight,pittsboro
wewillfight,saxapahaw
wewillfight,apostate
wewillfight,craftbeer
wewillfight,stoner
wewillfight,stoners
chatham,carrboro
chatham,chapelhill
chatham,pittsboro
chatham,saxapahaw
chatham,apostate
chatham,craftbeer
chatham,stoner
chatham,stoners
carrboro,chapelhill
carrboro,pittsboro
carrboro,saxapahaw
carrboro,apostate
carrboro,craftbeer
carrboro,stoner
carrboro,stoners
chapelhill,pittsboro
chapelhill,saxapahaw
chapelhill,apostate
chapelhill,craftbeer
chapelhill,stoner
chapelhill,stoners
pittsboro,saxapahaw
pittsboro,apostate
pittsboro,craftbeer
pittsboro,stoner
pittsboro,stoners
saxapahaw,apostate
saxapahaw,craftbeer
saxapahaw,stoner
saxapahaw,stoners
apostate,craftbeer
apostate,stoner
apostate,stoners
craftbeer,stoner
craftbeer,stoners
stoner,stoners
bluesky,unc
bluesky,chapelhill
bluesky,carolinapics
unc,chapelhill
unc,carolinapics
chapelhill,carolinapics
resale,chapelhill
resale,chapelhillconsignment
resale,durham
resale,durhamconsignment
resale,clothesmentorchapelhill
resale,chapelhill
resale,unc
resale,carync
chapelhill,chapelhillconsignment
chapelhill,durham
chapelhill,durhamconsignment
chapelhill,clothesmentorchapelhill
chapelhill,chapelhill
chapelhill,unc
chapelhill,carync
chapelhillconsignment,durham
chapelhillconsignment,durhamconsignment
chapelhillconsignment,clothesmentorchapelhill
chapelhillconsignment,chapelhill
chapelhillconsignment,unc
chapelhillconsignment,carync
durham,durhamconsignment
durham,clothesmentorchapelhill
durham,chapelhill
durham,unc
durham,carync
durhamconsignment,clothesmentorchapelhill
durhamconsignment,chapelhill
durhamconsignment,unc
durhamconsignment,carync
clothesmentorchapelhill,chapelhill
clothesmentorchapelhill,unc
clothesmentorchapelhill,carync
chapelhill,unc
chapelhill,carync
unc,carync
bacon,bluecheese
bacon,chapelhill
bluecheese,chapelhill
grill,steaks
grill,Bin54
grill,chapelhill
grill,fireroasted
steaks,Bin54
steaks,chapelhill
steaks,fireroasted
Bin54,chapelhill
Bin54,fireroasted
chapelhill,fireroasted
drinklikeaduck,unc
drinklikeaduck,chapelhill
drinklikeaduck,fallsemester
unc,chapelhill
unc,fallsemester
chapelhill,fallsemester
tarheeldogs,tarheelnation
tarheeldogs,chapelhill
tarheeldogs,gotarheels
tarheeldogs,luluandsully
tarheeldogs,cheerleaders
tarheeldogs,shihtzu
tarheeldogs,shihtzuofinstagram
tarheeldogs,shihtzuoftheday
tarheeldogs,shihtzu_addiction
tarheeldogs,shih
tarheelnation,chapelhill
tarheelnation,gotarheels
tarheelnation,luluandsully
tarheelnation,cheerleaders
tarheelnation,shihtzu
tarheelnation,shihtzuofinstagram
tarheelnation,shihtzuoftheday
tarheelnation,shihtzu_addiction
tarheelnation,shih
chapelhill,gotarheels
chapelhill,luluandsully
chapelhill,cheerleaders
chapelhill,shihtzu
chapelhill,shihtzuofinstagram
chapelhill,shihtzuoftheday
chapelhill,shihtzu_addiction
chapelhill,shih
gotarheels,luluandsully
gotarheels,cheerleaders
gotarheels,shihtzu
gotarheels,shihtzuofinstagram
gotarheels,shihtzuoftheday
gotarheels,shihtzu_addiction
gotarheels,shih
luluandsully,cheerleaders
luluandsully,shihtzu
luluandsully,shihtzuofinstagram
luluandsully,shihtzuoftheday
luluandsully,shihtzu_addiction
luluandsully,shih
cheerleaders,shihtzu
cheerleaders,shihtzuofinstagram
cheerleaders,shihtzuoftheday
cheerleaders,shihtzu_addiction
cheerleaders,shih
shihtzu,shihtzuofinstagram
shihtzu,shihtzuoftheday
shihtzu,shihtzu_addiction
shihtzu,shih
shihtzuofinstagram,shihtzuoftheday
shihtzuofinstagram,shihtzu_addiction
shihtzuofinstagram,shih
shihtzuoftheday,shihtzu_addiction
shihtzuoftheday,shih
shihtzu_addiction,shih
duke,chapelhill
duke,northcarolina
chapelhill,northcarolina
ReallyEmotionalTour,chapelhill
ReallyEmotionalTour,nc
chapelhill,nc
trifoodies,raleigh
trifoodies,raleigheats
trifoodies,raleighfoodies
trifoodies,raleighfoodpics
trifoodies,downtownraleigh
trifoodies,oakcity
trifoodies,ncstate
trifoodies,spoon_ncsu
trifoodies,durham
trifoodies,durhameats
trifoodies,durhamfoodies
trifoodies,durhamfoodpics
trifoodies,bullcity
trifoodies,bitesofbullcity
trifoodies,duke
trifoodies,spoon_duke
trifoodies,chapelhill
trifoodies,unc
trifoodies,carolina
trifoodies,spoon_unc
trifoodies,tarheels
trifoodies,tarheelfoodies
trifoodies,visitnc
trifoodies,ncfoodfinds
trifoodies,northcarolina
trifoodies,919
trifoodies,dineinthe919
trifoodies,919eats
raleigh,raleigheats
raleigh,raleighfoodies
raleigh,raleighfoodpics
raleigh,downtownraleigh
raleigh,oakcity
raleigh,ncstate
raleigh,spoon_ncsu
raleigh,durham
raleigh,durhameats
raleigh,durhamfoodies
raleigh,durhamfoodpics
raleigh,bullcity
raleigh,bitesofbullcity
raleigh,duke
raleigh,spoon_duke
raleigh,chapelhill
raleigh,unc
raleigh,carolina
raleigh,spoon_unc
raleigh,tarheels
raleigh,tarheelfoodies
raleigh,visitnc
raleigh,ncfoodfinds
raleigh,northcarolina
raleigh,919
raleigh,dineinthe919
raleigh,919eats
raleigheats,raleighfoodies
raleigheats,raleighfoodpics
raleigheats,downtownraleigh
raleigheats,oakcity
raleigheats,ncstate
raleigheats,spoon_ncsu
raleigheats,durham
raleigheats,durhameats
raleigheats,durhamfoodies
raleigheats,durhamfoodpics
raleigheats,bullcity
raleigheats,bitesofbullcity
raleigheats,duke
raleigheats,spoon_duke
raleigheats,chapelhill
raleigheats,unc
raleigheats,carolina
raleigheats,spoon_unc
raleigheats,tarheels
raleigheats,tarheelfoodies
raleigheats,visitnc
raleigheats,ncfoodfinds
raleigheats,northcarolina
raleigheats,919
raleigheats,dineinthe919
raleigheats,919eats
raleighfoodies,raleighfoodpics
raleighfoodies,downtownraleigh
raleighfoodies,oakcity
raleighfoodies,ncstate
raleighfoodies,spoon_ncsu
raleighfoodies,durham
raleighfoodies,durhameats
raleighfoodies,durhamfoodies
raleighfoodies,durhamfoodpics
raleighfoodies,bullcity
raleighfoodies,bitesofbullcity
raleighfoodies,duke
raleighfoodies,spoon_duke
raleighfoodies,chapelhill
raleighfoodies,unc
raleighfoodies,carolina
raleighfoodies,spoon_unc
raleighfoodies,tarheels
raleighfoodies,tarheelfoodies
raleighfoodies,visitnc
raleighfoodies,ncfoodfinds
raleighfoodies,northcarolina
raleighfoodies,919
raleighfoodies,dineinthe919
raleighfoodies,919eats
raleighfoodpics,downtownraleigh
raleighfoodpics,oakcity
raleighfoodpics,ncstate
raleighfoodpics,spoon_ncsu
raleighfoodpics,durham
raleighfoodpics,durhameats
raleighfoodpics,durhamfoodies
raleighfoodpics,durhamfoodpics
raleighfoodpics,bullcity
raleighfoodpics,bitesofbullcity
raleighfoodpics,duke
raleighfoodpics,spoon_duke
raleighfoodpics,chapelhill
raleighfoodpics,unc
raleighfoodpics,carolina
raleighfoodpics,spoon_unc
raleighfoodpics,tarheels
raleighfoodpics,tarheelfoodies
raleighfoodpics,visitnc
raleighfoodpics,ncfoodfinds
raleighfoodpics,northcarolina
raleighfoodpics,919
raleighfoodpics,dineinthe919
raleighfoodpics,919eats
downtownraleigh,oakcity
downtownraleigh,ncstate
downtownraleigh,spoon_ncsu
downtownraleigh,durham
downtownraleigh,durhameats
downtownraleigh,durhamfoodies
downtownraleigh,durhamfoodpics
downtownraleigh,bullcity
downtownraleigh,bitesofbullcity
downtownraleigh,duke
downtownraleigh,spoon_duke
downtownraleigh,chapelhill
downtownraleigh,unc
downtownraleigh,carolina
downtownraleigh,spoon_unc
downtownraleigh,tarheels
downtownraleigh,tarheelfoodies
downtownraleigh,visitnc
downtownraleigh,ncfoodfinds
downtownraleigh,northcarolina
downtownraleigh,919
downtownraleigh,dineinthe919
downtownraleigh,919eats
oakcity,ncstate
oakcity,spoon_ncsu
oakcity,durham
oakcity,durhameats
oakcity,durhamfoodies
oakcity,durhamfoodpics
oakcity,bullcity
oakcity,bitesofbullcity
oakcity,duke
oakcity,spoon_duke
oakcity,chapelhill
oakcity,unc
oakcity,carolina
oakcity,spoon_unc
oakcity,tarheels
oakcity,tarheelfoodies
oakcity,visitnc
oakcity,ncfoodfinds
oakcity,northcarolina
oakcity,919
oakcity,dineinthe919
oakcity,919eats
ncstate,spoon_ncsu
ncstate,durham
ncstate,durhameats
ncstate,durhamfoodies
ncstate,durhamfoodpics
ncstate,bullcity
ncstate,bitesofbullcity
ncstate,duke
ncstate,spoon_duke
ncstate,chapelhill
ncstate,unc
ncstate,carolina
ncstate,spoon_unc
ncstate,tarheels
ncstate,tarheelfoodies
ncstate,visitnc
ncstate,ncfoodfinds
ncstate,northcarolina
ncstate,919
ncstate,dineinthe919
ncstate,919eats
spoon_ncsu,durham
spoon_ncsu,durhameats
spoon_ncsu,durhamfoodies
spoon_ncsu,durhamfoodpics
spoon_ncsu,bullcity
spoon_ncsu,bitesofbullcity
spoon_ncsu,duke
spoon_ncsu,spoon_duke
spoon_ncsu,chapelhill
spoon_ncsu,unc
spoon_ncsu,carolina
spoon_ncsu,spoon_unc
spoon_ncsu,tarheels
spoon_ncsu,tarheelfoodies
spoon_ncsu,visitnc
spoon_ncsu,ncfoodfinds
spoon_ncsu,northcarolina
spoon_ncsu,919
spoon_ncsu,dineinthe919
spoon_ncsu,919eats
durham,durhameats
durham,durhamfoodies
durham,durhamfoodpics
durham,bullcity
durham,bitesofbullcity
durham,duke
durham,spoon_duke
durham,chapelhill
durham,unc
durham,carolina
durham,spoon_unc
durham,tarheels
durham,tarheelfoodies
durham,visitnc
durham,ncfoodfinds
durham,northcarolina
durham,919
durham,dineinthe919
durham,919eats
durhameats,durhamfoodies
durhameats,durhamfoodpics
durhameats,bullcity
durhameats,bitesofbullcity
durhameats,duke
durhameats,spoon_duke
durhameats,chapelhill
durhameats,unc
durhameats,carolina
durhameats,spoon_unc
durhameats,tarheels
durhameats,tarheelfoodies
durhameats,visitnc
durhameats,ncfoodfinds
durhameats,northcarolina
durhameats,919
durhameats,dineinthe919
durhameats,919eats
durhamfoodies,durhamfoodpics
durhamfoodies,bullcity
durhamfoodies,bitesofbullcity
durhamfoodies,duke
durhamfoodies,spoon_duke
durhamfoodies,chapelhill
durhamfoodies,unc
durhamfoodies,carolina
durhamfoodies,spoon_unc
durhamfoodies,tarheels
durhamfoodies,tarheelfoodies
durhamfoodies,visitnc
durhamfoodies,ncfoodfinds
durhamfoodies,northcarolina
durhamfoodies,919
durhamfoodies,dineinthe919
durhamfoodies,919eats
durhamfoodpics,bullcity
durhamfoodpics,bitesofbullcity
durhamfoodpics,duke
durhamfoodpics,spoon_duke
durhamfoodpics,chapelhill
durhamfoodpics,unc
durhamfoodpics,carolina
durhamfoodpics,spoon_unc
durhamfoodpics,tarheels
durhamfoodpics,tarheelfoodies
durhamfoodpics,visitnc
durhamfoodpics,ncfoodfinds
durhamfoodpics,northcarolina
durhamfoodpics,919
durhamfoodpics,dineinthe919
durhamfoodpics,919eats
bullcity,bitesofbullcity
bullcity,duke
bullcity,spoon_duke
bullcity,chapelhill
bullcity,unc
bullcity,carolina
bullcity,spoon_unc
bullcity,tarheels
bullcity,tarheelfoodies
bullcity,visitnc
bullcity,ncfoodfinds
bullcity,northcarolina
bullcity,919
bullcity,dineinthe919
bullcity,919eats
bitesofbullcity,duke
bitesofbullcity,spoon_duke
bitesofbullcity,chapelhill
bitesofbullcity,unc
bitesofbullcity,carolina
bitesofbullcity,spoon_unc
bitesofbullcity,tarheels
bitesofbullcity,tarheelfoodies
bitesofbullcity,visitnc
bitesofbullcity,ncfoodfinds
bitesofbullcity,northcarolina
bitesofbullcity,919
bitesofbullcity,dineinthe919
bitesofbullcity,919eats
duke,spoon_duke
duke,chapelhill
duke,unc
duke,carolina
duke,spoon_unc
duke,tarheels
duke,tarheelfoodies
duke,visitnc
duke,ncfoodfinds
duke,northcarolina
duke,919
duke,dineinthe919
duke,919eats
spoon_duke,chapelhill
spoon_duke,unc
spoon_duke,carolina
spoon_duke,spoon_unc
spoon_duke,tarheels
spoon_duke,tarheelfoodies
spoon_duke,visitnc
spoon_duke,ncfoodfinds
spoon_duke,northcarolina
spoon_duke,919
spoon_duke,dineinthe919
spoon_duke,919eats
chapelhill,unc
chapelhill,carolina
chapelhill,spoon_unc
chapelhill,tarheels
chapelhill,tarheelfoodies
chapelhill,visitnc
chapelhill,ncfoodfinds
chapelhill,northcarolina
chapelhill,919
chapelhill,dineinthe919
chapelhill,919eats
unc,carolina
unc,spoon_unc
unc,tarheels
unc,tarheelfoodies
unc,visitnc
unc,ncfoodfinds
unc,northcarolina
unc,919
unc,dineinthe919
unc,919eats
carolina,spoon_unc
carolina,tarheels
carolina,tarheelfoodies
carolina,visitnc
carolina,ncfoodfinds
carolina,northcarolina
carolina,919
carolina,dineinthe919
carolina,919eats
spoon_unc,tarheels
spoon_unc,tarheelfoodies
spoon_unc,visitnc
spoon_unc,ncfoodfinds
spoon_unc,northcarolina
spoon_unc,919
spoon_unc,dineinthe919
spoon_unc,919eats
tarheels,tarheelfoodies
tarheels,visitnc
tarheels,ncfoodfinds
tarheels,northcarolina
tarheels,919
tarheels,dineinthe919
tarheels,919eats
tarheelfoodies,visitnc
tarheelfoodies,ncfoodfinds
tarheelfoodies,northcarolina
tarheelfoodies,919
tarheelfoodies,dineinthe919
tarheelfoodies,919eats
visitnc,ncfoodfinds
visitnc,northcarolina
visitnc,919
visitnc,dineinthe919
visitnc,919eats
ncfoodfinds,northcarolina
ncfoodfinds,919
ncfoodfinds,dineinthe919
ncfoodfinds,919eats
northcarolina,919
northcarolina,dineinthe919
northcarolina,919eats
919,dineinthe919
919,919eats
dineinthe919,919eats
devolvemoto,styleformiles
him,favorite
him,happy
him,smile
him,teeth
him,cute
him,estilo
him,moda
him,estilodevida
him,vida
him,men
him,man
him,boy
him,boys
him,mensfashion
him,style
him,styles
him,caps
him,tan
him,tatoo
him,beard
him,beards
him,instagood
him,instaboy
him,hotelroom
him,springhillsuites
him,marriott
him,chapelhill
favorite,happy
favorite,smile
favorite,teeth
favorite,cute
favorite,estilo
favorite,moda
favorite,estilodevida
favorite,vida
favorite,men
favorite,man
favorite,boy
favorite,boys
favorite,mensfashion
favorite,style
favorite,styles
favorite,caps
favorite,tan
favorite,tatoo
favorite,beard
favorite,beards
favorite,instagood
favorite,instaboy
favorite,hotelroom
favorite,springhillsuites
favorite,marriott
favorite,chapelhill
happy,smile
happy,teeth
happy,cute
happy,estilo
happy,moda
happy,estilodevida
happy,vida
happy,men
happy,man
happy,boy
happy,boys
happy,mensfashion
happy,style
happy,styles
happy,caps
happy,tan
happy,tatoo
happy,beard
happy,beards
happy,instagood
happy,instaboy
happy,hotelroom
happy,springhillsuites
happy,marriott
happy,chapelhill
smile,teeth
smile,cute
smile,estilo
smile,moda
smile,estilodevida
smile,vida
smile,men
smile,man
smile,boy
smile,boys
smile,mensfashion
smile,style
smile,styles
smile,caps
smile,tan
smile,tatoo
smile,beard
smile,beards
smile,instagood
smile,instaboy
smile,hotelroom
smile,springhillsuites
smile,marriott
smile,chapelhill
teeth,cute
teeth,estilo
teeth,moda
teeth,estilodevida
teeth,vida
teeth,men
teeth,man
teeth,boy
teeth,boys
teeth,mensfashion
teeth,style
teeth,styles
teeth,caps
teeth,tan
teeth,tatoo
teeth,beard
teeth,beards
teeth,instagood
teeth,instaboy
teeth,hotelroom
teeth,springhillsuites
teeth,marriott
teeth,chapelhill
cute,estilo
cute,moda
cute,estilodevida
cute,vida
cute,men
cute,man
cute,boy
cute,boys
cute,mensfashion
cute,style
cute,styles
cute,caps
cute,tan
cute,tatoo
cute,beard
cute,beards
cute,instagood
cute,instaboy
cute,hotelroom
cute,springhillsuites
cute,marriott
cute,chapelhill
estilo,moda
estilo,estilodevida
estilo,vida
estilo,men
estilo,man
estilo,boy
estilo,boys
estilo,mensfashion
estilo,style
estilo,styles
estilo,caps
estilo,tan
estilo,tatoo
estilo,beard
estilo,beards
estilo,instagood
estilo,instaboy
estilo,hotelroom
estilo,springhillsuites
estilo,marriott
estilo,chapelhill
moda,estilodevida
moda,vida
moda,men
moda,man
moda,boy
moda,boys
moda,mensfashion
moda,style
moda,styles
moda,caps
moda,tan
moda,tatoo
moda,beard
moda,beards
moda,instagood
moda,instaboy
moda,hotelroom
moda,springhillsuites
moda,marriott
moda,chapelhill
estilodevida,vida
estilodevida,men
estilodevida,man
estilodevida,boy
estilodevida,boys
estilodevida,mensfashion
estilodevida,style
estilodevida,styles
estilodevida,caps
estilodevida,tan
estilodevida,tatoo
estilodevida,beard
estilodevida,beards
estilodevida,instagood
estilodevida,instaboy
estilodevida,hotelroom
estilodevida,springhillsuites
estilodevida,marriott
estilodevida,chapelhill
vida,men
vida,man
vida,boy
vida,boys
vida,mensfashion
vida,style
vida,styles
vida,caps
vida,tan
vida,tatoo
vida,beard
vida,beards
vida,instagood
vida,instaboy
vida,hotelroom
vida,springhillsuites
vida,marriott
vida,chapelhill
men,man
men,boy
men,boys
men,mensfashion
men,style
men,styles
men,caps
men,tan
men,tatoo
men,beard
men,beards
men,instagood
men,instaboy
men,hotelroom
men,springhillsuites
men,marriott
men,chapelhill
man,boy
man,boys
man,mensfashion
man,style
man,styles
man,caps
man,tan
man,tatoo
man,beard
man,beards
man,instagood
man,instaboy
man,hotelroom
man,springhillsuites
man,marriott
man,chapelhill
boy,boys
boy,mensfashion
boy,style
boy,styles
boy,caps
boy,tan
boy,tatoo
boy,beard
boy,beards
boy,instagood
boy,instaboy
boy,hotelroom
boy,springhillsuites
boy,marriott
boy,chapelhill
boys,mensfashion
boys,style
boys,styles
boys,caps
boys,tan
boys,tatoo
boys,beard
boys,beards
boys,instagood
boys,instaboy
boys,hotelroom
boys,springhillsuites
boys,marriott
boys,chapelhill
mensfashion,style
mensfashion,styles
mensfashion,caps
mensfashion,tan
mensfashion,tatoo
mensfashion,beard
mensfashion,beards
mensfashion,instagood
mensfashion,instaboy
mensfashion,hotelroom
mensfashion,springhillsuites
mensfashion,marriott
mensfashion,chapelhill
style,styles
style,caps
style,tan
style,tatoo
style,beard
style,beards
style,instagood
style,instaboy
style,hotelroom
style,springhillsuites
style,marriott
style,chapelhill
styles,caps
styles,tan
styles,tatoo
styles,beard
styles,beards
styles,instagood
styles,instaboy
styles,hotelroom
styles,springhillsuites
styles,marriott
styles,chapelhill
caps,tan
caps,tatoo
caps,beard
caps,beards
caps,instagood
caps,instaboy
caps,hotelroom
caps,springhillsuites
caps,marriott
caps,chapelhill
tan,tatoo
tan,beard
tan,beards
tan,instagood
tan,instaboy
tan,hotelroom
tan,springhillsuites
tan,marriott
tan,chapelhill
tatoo,beard
tatoo,beards
tatoo,instagood
tatoo,instaboy
tatoo,hotelroom
tatoo,springhillsuites
tatoo,marriott
tatoo,chapelhill
beard,beards
beard,instagood
beard,instaboy
beard,hotelroom
beard,springhillsuites
beard,marriott
beard,chapelhill
beards,instagood
beards,instaboy
beards,hotelroom
beards,springhillsuites
beards,marriott
beards,chapelhill
instagood,instaboy
instagood,hotelroom
instagood,springhillsuites
instagood,marriott
instagood,chapelhill
instaboy,hotelroom
instaboy,springhillsuites
instaboy,marriott
instaboy,chapelhill
hotelroom,springhillsuites
hotelroom,marriott
hotelroom,chapelhill
springhillsuites,marriott
springhillsuites,chapelhill
marriott,chapelhill
lit,chapelhill
lit,wayyyupifeelblessed
chapelhill,wayyyupifeelblessed
fall,autumn
fall,fashion
fall,fallfashion
fall,women
fall,womensfashion
fall,hair
fall,womenshair
fall,photography
fall,portrait
fall,stone
fall,art
fall,unc
fall,chapelhill
fall,targram
fall,tarheel
fall,happy
fall,love
fall,smile
fall,agameoftones
fall,agameof10k
fall,agameofportraits
fall,heatercentral
fall,2016
fall,seasonal
autumn,fashion
autumn,fallfashion
autumn,women
autumn,womensfashion
autumn,hair
autumn,womenshair
autumn,photography
autumn,portrait
autumn,stone
autumn,art
autumn,unc
autumn,chapelhill
autumn,targram
autumn,tarheel
autumn,happy
autumn,love
autumn,smile
autumn,agameoftones
autumn,agameof10k
autumn,agameofportraits
autumn,heatercentral
autumn,2016
autumn,seasonal
fashion,fallfashion
fashion,women
fashion,womensfashion
fashion,hair
fashion,womenshair
fashion,photography
fashion,portrait
fashion,stone
fashion,art
fashion,unc
fashion,chapelhill
fashion,targram
fashion,tarheel
fashion,happy
fashion,love
fashion,smile
fashion,agameoftones
fashion,agameof10k
fashion,agameofportraits
fashion,heatercentral
fashion,2016
fashion,seasonal
fallfashion,women
fallfashion,womensfashion
fallfashion,hair
fallfashion,womenshair
fallfashion,photography
fallfashion,portrait
fallfashion,stone
fallfashion,art
fallfashion,unc
fallfashion,chapelhill
fallfashion,targram
fallfashion,tarheel
fallfashion,happy
fallfashion,love
fallfashion,smile
fallfashion,agameoftones
fallfashion,agameof10k
fallfashion,agameofportraits
fallfashion,heatercentral
fallfashion,2016
fallfashion,seasonal
women,womensfashion
women,hair
women,womenshair
women,photography
women,portrait
women,stone
women,art
women,unc
women,chapelhill
women,targram
women,tarheel
women,happy
women,love
women,smile
women,agameoftones
women,agameof10k
women,agameofportraits
women,heatercentral
women,2016
women,seasonal
womensfashion,hair
womensfashion,womenshair
womensfashion,photography
womensfashion,portrait
womensfashion,stone
womensfashion,art
womensfashion,unc
womensfashion,chapelhill
womensfashion,targram
womensfashion,tarheel
womensfashion,happy
womensfashion,love
womensfashion,smile
womensfashion,agameoftones
womensfashion,agameof10k
womensfashion,agameofportraits
womensfashion,heatercentral
womensfashion,2016
womensfashion,seasonal
hair,womenshair
hair,photography
hair,portrait
hair,stone
hair,art
hair,unc
hair,chapelhill
hair,targram
hair,tarheel
hair,happy
hair,love
hair,smile
hair,agameoftones
hair,agameof10k
hair,agameofportraits
hair,heatercentral
hair,2016
hair,seasonal
womenshair,photography
womenshair,portrait
womenshair,stone
womenshair,art
womenshair,unc
womenshair,chapelhill
womenshair,targram
womenshair,tarheel
womenshair,happy
womenshair,love
womenshair,smile
womenshair,agameoftones
womenshair,agameof10k
womenshair,agameofportraits
womenshair,heatercentral
womenshair,2016
womenshair,seasonal
photography,portrait
photography,stone
photography,art
photography,unc
photography,chapelhill
photography,targram
photography,tarheel
photography,happy
photography,love
photography,smile
photography,agameoftones
photography,agameof10k
photography,agameofportraits
photography,heatercentral
photography,2016
photography,seasonal
portrait,stone
portrait,art
portrait,unc
portrait,chapelhill
portrait,targram
portrait,tarheel
portrait,happy
portrait,love
portrait,smile
portrait,agameoftones
portrait,agameof10k
portrait,agameofportraits
portrait,heatercentral
portrait,2016
portrait,seasonal
stone,art
stone,unc
stone,chapelhill
stone,targram
stone,tarheel
stone,happy
stone,love
stone,smile
stone,agameoftones
stone,agameof10k
stone,agameofportraits
stone,heatercentral
stone,2016
stone,seasonal
art,unc
art,chapelhill
art,targram
art,tarheel
art,happy
art,love
art,smile
art,agameoftones
art,agameof10k
art,agameofportraits
art,heatercentral
art,2016
art,seasonal
unc,chapelhill
unc,targram
unc,tarheel
unc,happy
unc,love
unc,smile
unc,agameoftones
unc,agameof10k
unc,agameofportraits
unc,heatercentral
unc,2016
unc,seasonal
chapelhill,targram
chapelhill,tarheel
chapelhill,happy
chapelhill,love
chapelhill,smile
chapelhill,agameoftones
chapelhill,agameof10k
chapelhill,agameofportraits
chapelhill,heatercentral
chapelhill,2016
chapelhill,seasonal
targram,tarheel
targram,happy
targram,love
targram,smile
targram,agameoftones
targram,agameof10k
targram,agameofportraits
targram,heatercentral
targram,2016
targram,seasonal
tarheel,happy
tarheel,love
tarheel,smile
tarheel,agameoftones
tarheel,agameof10k
tarheel,agameofportraits
tarheel,heatercentral
tarheel,2016
tarheel,seasonal
happy,love
happy,smile
happy,agameoftones
happy,agameof10k
happy,agameofportraits
happy,heatercentral
happy,2016
happy,seasonal
love,smile
love,agameoftones
love,agameof10k
love,agameofportraits
love,heatercentral
love,2016
love,seasonal
smile,agameoftones
smile,agameof10k
smile,agameofportraits
smile,heatercentral
smile,2016
smile,seasonal
agameoftones,agameof10k
agameoftones,agameofportraits
agameoftones,heatercentral
agameoftones,2016
agameoftones,seasonal
agameof10k,agameofportraits
agameof10k,heatercentral
agameof10k,2016
agameof10k,seasonal
agameofportraits,heatercentral
agameofportraits,2016
agameofportraits,seasonal
heatercentral,2016
heatercentral,seasonal
2016,seasonal
poppysalon,hairbymorgan
poppysalon,cosmoprofbeauty
poppysalon,myscconnection
poppysalon,hairgoals
poppysalon,hairinspo
poppysalon,2017hair
poppysalon,behindthechair
poppysalon,behindthescenes
poppysalon,modernsalon
poppysalon,americansalon
poppysalon,lob
poppysalon,beforeandafter
poppysalon,transformation
poppysalon,waves
poppysalon,haircut
poppysalon,hair
poppysalon,licensedtocreate
poppysalon,hairartistry
poppysalon,durham
poppysalon,durhamsalon
poppysalon,whatsnewindurham
poppysalon,raleigh
poppysalon,chapelhill
poppysalon,stylist
hairbymorgan,cosmoprofbeauty
hairbymorgan,myscconnection
hairbymorgan,hairgoals
hairbymorgan,hairinspo
hairbymorgan,2017hair
hairbymorgan,behindthechair
hairbymorgan,behindthescenes
hairbymorgan,modernsalon
hairbymorgan,americansalon
hairbymorgan,lob
hairbymorgan,beforeandafter
hairbymorgan,transformation
hairbymorgan,waves
hairbymorgan,haircut
hairbymorgan,hair
hairbymorgan,licensedtocreate
hairbymorgan,hairartistry
hairbymorgan,durham
hairbymorgan,durhamsalon
hairbymorgan,whatsnewindurham
hairbymorgan,raleigh
hairbymorgan,chapelhill
hairbymorgan,stylist
cosmoprofbeauty,myscconnection
cosmoprofbeauty,hairgoals
cosmoprofbeauty,hairinspo
cosmoprofbeauty,2017hair
cosmoprofbeauty,behindthechair
cosmoprofbeauty,behindthescenes
cosmoprofbeauty,modernsalon
cosmoprofbeauty,americansalon
cosmoprofbeauty,lob
cosmoprofbeauty,beforeandafter
cosmoprofbeauty,transformation
cosmoprofbeauty,waves
cosmoprofbeauty,haircut
cosmoprofbeauty,hair
cosmoprofbeauty,licensedtocreate
cosmoprofbeauty,hairartistry
cosmoprofbeauty,durham
cosmoprofbeauty,durhamsalon
cosmoprofbeauty,whatsnewindurham
cosmoprofbeauty,raleigh
cosmoprofbeauty,chapelhill
cosmoprofbeauty,stylist
myscconnection,hairgoals
myscconnection,hairinspo
myscconnection,2017hair
myscconnection,behindthechair
myscconnection,behindthescenes
myscconnection,modernsalon
myscconnection,americansalon
myscconnection,lob
myscconnection,beforeandafter
myscconnection,transformation
myscconnection,waves
myscconnection,haircut
myscconnection,hair
myscconnection,licensedtocreate
myscconnection,hairartistry
myscconnection,durham
myscconnection,durhamsalon
myscconnection,whatsnewindurham
myscconnection,raleigh
myscconnection,chapelhill
myscconnection,stylist
hairgoals,hairinspo
hairgoals,2017hair
hairgoals,behindthechair
hairgoals,behindthescenes
hairgoals,modernsalon
hairgoals,americansalon
hairgoals,lob
hairgoals,beforeandafter
hairgoals,transformation
hairgoals,waves
hairgoals,haircut
hairgoals,hair
hairgoals,licensedtocreate
hairgoals,hairartistry
hairgoals,durham
hairgoals,durhamsalon
hairgoals,whatsnewindurham
hairgoals,raleigh
hairgoals,chapelhill
hairgoals,stylist
hairinspo,2017hair
hairinspo,behindthechair
hairinspo,behindthescenes
hairinspo,modernsalon
hairinspo,americansalon
hairinspo,lob
hairinspo,beforeandafter
hairinspo,transformation
hairinspo,waves
hairinspo,haircut
hairinspo,hair
hairinspo,licensedtocreate
hairinspo,hairartistry
hairinspo,durham
hairinspo,durhamsalon
hairinspo,whatsnewindurham
hairinspo,raleigh
hairinspo,chapelhill
hairinspo,stylist
2017hair,behindthechair
2017hair,behindthescenes
2017hair,modernsalon
2017hair,americansalon
2017hair,lob
2017hair,beforeandafter
2017hair,transformation
2017hair,waves
2017hair,haircut
2017hair,hair
2017hair,licensedtocreate
2017hair,hairartistry
2017hair,durham
2017hair,durhamsalon
2017hair,whatsnewindurham
2017hair,raleigh
2017hair,chapelhill
2017hair,stylist
behindthechair,behindthescenes
behindthechair,modernsalon
behindthechair,americansalon
behindthechair,lob
behindthechair,beforeandafter
behindthechair,transformation
behindthechair,waves
behindthechair,haircut
behindthechair,hair
behindthechair,licensedtocreate
behindthechair,hairartistry
behindthechair,durham
behindthechair,durhamsalon
behindthechair,whatsnewindurham
behindthechair,raleigh
behindthechair,chapelhill
behindthechair,stylist
behindthescenes,modernsalon
behindthescenes,americansalon
behindthescenes,lob
behindthescenes,beforeandafter
behindthescenes,transformation
behindthescenes,waves
behindthescenes,haircut
behindthescenes,hair
behindthescenes,licensedtocreate
behindthescenes,hairartistry
behindthescenes,durham
behindthescenes,durhamsalon
behindthescenes,whatsnewindurham
behindthescenes,raleigh
behindthescenes,chapelhill
behindthescenes,stylist
modernsalon,americansalon
modernsalon,lob
modernsalon,beforeandafter
modernsalon,transformation
modernsalon,waves
modernsalon,haircut
modernsalon,hair
modernsalon,licensedtocreate
modernsalon,hairartistry
modernsalon,durham
modernsalon,durhamsalon
modernsalon,whatsnewindurham
modernsalon,raleigh
modernsalon,chapelhill
modernsalon,stylist
americansalon,lob
americansalon,beforeandafter
americansalon,transformation
americansalon,waves
americansalon,haircut
americansalon,hair
americansalon,licensedtocreate
americansalon,hairartistry
americansalon,durham
americansalon,durhamsalon
americansalon,whatsnewindurham
americansalon,raleigh
americansalon,chapelhill
americansalon,stylist
lob,beforeandafter
lob,transformation
lob,waves
lob,haircut
lob,hair
lob,licensedtocreate
lob,hairartistry
lob,durham
lob,durhamsalon
lob,whatsnewindurham
lob,raleigh
lob,chapelhill
lob,stylist
beforeandafter,transformation
beforeandafter,waves
beforeandafter,haircut
beforeandafter,hair
beforeandafter,licensedtocreate
beforeandafter,hairartistry
beforeandafter,durham
beforeandafter,durhamsalon
beforeandafter,whatsnewindurham
beforeandafter,raleigh
beforeandafter,chapelhill
beforeandafter,stylist
transformation,waves
transformation,haircut
transformation,hair
transformation,licensedtocreate
transformation,hairartistry
transformation,durham
transformation,durhamsalon
transformation,whatsnewindurham
transformation,raleigh
transformation,chapelhill
transformation,stylist
waves,haircut
waves,hair
waves,licensedtocreate
waves,hairartistry
waves,durham
waves,durhamsalon
waves,whatsnewindurham
waves,raleigh
waves,chapelhill
waves,stylist
haircut,hair
haircut,licensedtocreate
haircut,hairartistry
haircut,durham
haircut,durhamsalon
haircut,whatsnewindurham
haircut,raleigh
haircut,chapelhill
haircut,stylist
hair,licensedtocreate
hair,hairartistry
hair,durham
hair,durhamsalon
hair,whatsnewindurham
hair,raleigh
hair,chapelhill
hair,stylist
licensedtocreate,hairartistry
licensedtocreate,durham
licensedtocreate,durhamsalon
licensedtocreate,whatsnewindurham
licensedtocreate,raleigh
licensedtocreate,chapelhill
licensedtocreate,stylist
hairartistry,durham
hairartistry,durhamsalon
hairartistry,whatsnewindurham
hairartistry,raleigh
hairartistry,chapelhill
hairartistry,stylist
durham,durhamsalon
durham,whatsnewindurham
durham,raleigh
durham,chapelhill
durham,stylist
durhamsalon,whatsnewindurham
durhamsalon,raleigh
durhamsalon,chapelhill
durhamsalon,stylist
whatsnewindurham,raleigh
whatsnewindurham,chapelhill
whatsnewindurham,stylist
raleigh,chapelhill
raleigh,stylist
chapelhill,stylist
tag1,tag2
chapelhill,tennessee
chapelhill,smalltowngirl
tennessee,smalltowngirl
tailopez,knowledgesociety
tailopez,respect
tailopez,entrepreneur
tailopez,Stuttgart
tailopez,Dallas
tailopez,California
tailopez,Detroit
tailopez,Beverlyhills
tailopez,Durham
tailopez,Stuttgart
tailopez,Dallas
tailopez,California
tailopez,Detroit
tailopez,Beverlyhills
tailopez,Durham
tailopez,Stuttgart
tailopez,Dallas
tailopez,California
tailopez,Detroit
tailopez,Beverlyhills
tailopez,Durham
tailopez,Chapelhill
tailopez,tshirtkingoftheeastcoast
tailopez,Losangeles
tailopez,lakers
knowledgesociety,respect
knowledgesociety,entrepreneur
knowledgesociety,Stuttgart
knowledgesociety,Dallas
knowledgesociety,California
knowledgesociety,Detroit
knowledgesociety,Beverlyhills
knowledgesociety,Durham
knowledgesociety,Stuttgart
knowledgesociety,Dallas
knowledgesociety,California
knowledgesociety,Detroit
knowledgesociety,Beverlyhills
knowledgesociety,Durham
knowledgesociety,Stuttgart
knowledgesociety,Dallas
knowledgesociety,California
knowledgesociety,Detroit
knowledgesociety,Beverlyhills
knowledgesociety,Durham
knowledgesociety,Chapelhill
knowledgesociety,tshirtkingoftheeastcoast
knowledgesociety,Losangeles
knowledgesociety,lakers
respect,entrepreneur
respect,Stuttgart
respect,Dallas
respect,California
respect,Detroit
respect,Beverlyhills
respect,Durham
respect,Stuttgart
respect,Dallas
respect,California
respect,Detroit
respect,Beverlyhills
respect,Durham
respect,Stuttgart
respect,Dallas
respect,California
respect,Detroit
respect,Beverlyhills
respect,Durham
respect,Chapelhill
respect,tshirtkingoftheeastcoast
respect,Losangeles
respect,lakers
entrepreneur,Stuttgart
entrepreneur,Dallas
entrepreneur,California
entrepreneur,Detroit
entrepreneur,Beverlyhills
entrepreneur,Durham
entrepreneur,Stuttgart
entrepreneur,Dallas
entrepreneur,California
entrepreneur,Detroit
entrepreneur,Beverlyhills
entrepreneur,Durham
entrepreneur,Stuttgart
entrepreneur,Dallas
entrepreneur,California
entrepreneur,Detroit
entrepreneur,Beverlyhills
entrepreneur,Durham
entrepreneur,Chapelhill
entrepreneur,tshirtkingoftheeastcoast
entrepreneur,Losangeles
entrepreneur,lakers
Stuttgart,Dallas
Stuttgart,California
Stuttgart,Detroit
Stuttgart,Beverlyhills
Stuttgart,Durham
Stuttgart,Stuttgart
Stuttgart,Dallas
Stuttgart,California
Stuttgart,Detroit
Stuttgart,Beverlyhills
Stuttgart,Durham
Stuttgart,Stuttgart
Stuttgart,Dallas
Stuttgart,California
Stuttgart,Detroit
Stuttgart,Beverlyhills
Stuttgart,Durham
Stuttgart,Chapelhill
Stuttgart,tshirtkingoftheeastcoast
Stuttgart,Losangeles
Stuttgart,lakers
Dallas,California
Dallas,Detroit
Dallas,Beverlyhills
Dallas,Durham
Dallas,Stuttgart
Dallas,Dallas
Dallas,California
Dallas,Detroit
Dallas,Beverlyhills
Dallas,Durham
Dallas,Stuttgart
Dallas,Dallas
Dallas,California
Dallas,Detroit
Dallas,Beverlyhills
Dallas,Durham
Dallas,Chapelhill
Dallas,tshirtkingoftheeastcoast
Dallas,Losangeles
Dallas,lakers
California,Detroit
California,Beverlyhills
California,Durham
California,Stuttgart
California,Dallas
California,California
California,Detroit
California,Beverlyhills
California,Durham
California,Stuttgart
California,Dallas
California,California
California,Detroit
California,Beverlyhills
California,Durham
California,Chapelhill
California,tshirtkingoftheeastcoast
California,Losangeles
California,lakers
Detroit,Beverlyhills
Detroit,Durham
Detroit,Stuttgart
Detroit,Dallas
Detroit,California
Detroit,Detroit
Detroit,Beverlyhills
Detroit,Durham
Detroit,Stuttgart
Detroit,Dallas
Detroit,California
Detroit,Detroit
Detroit,Beverlyhills
Detroit,Durham
Detroit,Chapelhill
Detroit,tshirtkingoftheeastcoast
Detroit,Losangeles
Detroit,lakers
Beverlyhills,Durham
Beverlyhills,Stuttgart
Beverlyhills,Dallas
Beverlyhills,California
Beverlyhills,Detroit
Beverlyhills,Beverlyhills
Beverlyhills,Durham
Beverlyhills,Stuttgart
Beverlyhills,Dallas
Beverlyhills,California
Beverlyhills,Detroit
Beverlyhills,Beverlyhills
Beverlyhills,Durham
Beverlyhills,Chapelhill
Beverlyhills,tshirtkingoftheeastcoast
Beverlyhills,Losangeles
Beverlyhills,lakers
Durham,Stuttgart
Durham,Dallas
Durham,California
Durham,Detroit
Durham,Beverlyhills
Durham,Durham
Durham,Stuttgart
Durham,Dallas
Durham,California
Durham,Detroit
Durham,Beverlyhills
Durham,Durham
Durham,Chapelhill
Durham,tshirtkingoftheeastcoast
Durham,Losangeles
Durham,lakers
Stuttgart,Dallas
Stuttgart,California
Stuttgart,Detroit
Stuttgart,Beverlyhills
Stuttgart,Durham
Stuttgart,Stuttgart
Stuttgart,Dallas
Stuttgart,California
Stuttgart,Detroit
Stuttgart,Beverlyhills
Stuttgart,Durham
Stuttgart,Chapelhill
Stuttgart,tshirtkingoftheeastcoast
Stuttgart,Losangeles
Stuttgart,lakers
Dallas,California
Dallas,Detroit
Dallas,Beverlyhills
Dallas,Durham
Dallas,Stuttgart
Dallas,Dallas
Dallas,California
Dallas,Detroit
Dallas,Beverlyhills
Dallas,Durham
Dallas,Chapelhill
Dallas,tshirtkingoftheeastcoast
Dallas,Losangeles
Dallas,lakers
California,Detroit
California,Beverlyhills
California,Durham
California,Stuttgart
California,Dallas
California,California
California,Detroit
California,Beverlyhills
California,Durham
California,Chapelhill
California,tshirtkingoftheeastcoast
California,Losangeles
California,lakers
Detroit,Beverlyhills
Detroit,Durham
Detroit,Stuttgart
Detroit,Dallas
Detroit,California
Detroit,Detroit
Detroit,Beverlyhills
Detroit,Durham
Detroit,Chapelhill
Detroit,tshirtkingoftheeastcoast
Detroit,Losangeles
Detroit,lakers
Beverlyhills,Durham
Beverlyhills,Stuttgart
Beverlyhills,Dallas
Beverlyhills,California
Beverlyhills,Detroit
Beverlyhills,Beverlyhills
Beverlyhills,Durham
Beverlyhills,Chapelhill
Beverlyhills,tshirtkingoftheeastcoast
Beverlyhills,Losangeles
Beverlyhills,lakers
Durham,Stuttgart
Durham,Dallas
Durham,California
Durham,Detroit
Durham,Beverlyhills
Durham,Durham
Durham,Chapelhill
Durham,tshirtkingoftheeastcoast
Durham,Losangeles
Durham,lakers
Stuttgart,Dallas
Stuttgart,California
Stuttgart,Detroit
Stuttgart,Beverlyhills
Stuttgart,Durham
Stuttgart,Chapelhill
Stuttgart,tshirtkingoftheeastcoast
Stuttgart,Losangeles
Stuttgart,lakers
Dallas,California
Dallas,Detroit
Dallas,Beverlyhills
Dallas,Durham
Dallas,Chapelhill
Dallas,tshirtkingoftheeastcoast
Dallas,Losangeles
Dallas,lakers
California,Detroit
California,Beverlyhills
California,Durham
California,Chapelhill
California,tshirtkingoftheeastcoast
California,Losangeles
California,lakers
Detroit,Beverlyhills
Detroit,Durham
Detroit,Chapelhill
Detroit,tshirtkingoftheeastcoast
Detroit,Losangeles
Detroit,lakers
Beverlyhills,Durham
Beverlyhills,Chapelhill
Beverlyhills,tshirtkingoftheeastcoast
Beverlyhills,Losangeles
Beverlyhills,lakers
Durham,Chapelhill
Durham,tshirtkingoftheeastcoast
Durham,Losangeles
Durham,lakers
Chapelhill,tshirtkingoftheeastcoast
Chapelhill,Losangeles
Chapelhill,lakers
tshirtkingoftheeastcoast,Losangeles
tshirtkingoftheeastcoast,lakers
Losangeles,lakers
Albany,Buffalo
Albany,LongIsland
Albany,NewYorkCity
Albany,Rochester
Albany,Ithaca
Albany,NorthCarolina
Albany,NC
Albany,Raleigh
Albany,Charlotte
Albany,Greensboro
Albany,ChapelHill
Albany,Asheville
Albany,NorthDakota
Albany,ND
Albany,Bismark
Albany,Fargo
Albany,Ohio
Albany,OH
Albany,Columbus
Albany,Cleveland
Albany,Cincinnati
Albany,Oklahoma
Albany,OK
Buffalo,LongIsland
Buffalo,NewYorkCity
Buffalo,Rochester
Buffalo,Ithaca
Buffalo,NorthCarolina
Buffalo,NC
Buffalo,Raleigh
Buffalo,Charlotte
Buffalo,Greensboro
Buffalo,ChapelHill
Buffalo,Asheville
Buffalo,NorthDakota
Buffalo,ND
Buffalo,Bismark
Buffalo,Fargo
Buffalo,Ohio
Buffalo,OH
Buffalo,Columbus
Buffalo,Cleveland
Buffalo,Cincinnati
Buffalo,Oklahoma
Buffalo,OK
LongIsland,NewYorkCity
LongIsland,Rochester
LongIsland,Ithaca
LongIsland,NorthCarolina
LongIsland,NC
LongIsland,Raleigh
LongIsland,Charlotte
LongIsland,Greensboro
LongIsland,ChapelHill
LongIsland,Asheville
LongIsland,NorthDakota
LongIsland,ND
LongIsland,Bismark
LongIsland,Fargo
LongIsland,Ohio
LongIsland,OH
LongIsland,Columbus
LongIsland,Cleveland
LongIsland,Cincinnati
LongIsland,Oklahoma
LongIsland,OK
NewYorkCity,Rochester
NewYorkCity,Ithaca
NewYorkCity,NorthCarolina
NewYorkCity,NC
NewYorkCity,Raleigh
NewYorkCity,Charlotte
NewYorkCity,Greensboro
NewYorkCity,ChapelHill
NewYorkCity,Asheville
NewYorkCity,NorthDakota
NewYorkCity,ND
NewYorkCity,Bismark
NewYorkCity,Fargo
NewYorkCity,Ohio
NewYorkCity,OH
NewYorkCity,Columbus
NewYorkCity,Cleveland
NewYorkCity,Cincinnati
NewYorkCity,Oklahoma
NewYorkCity,OK
Rochester,Ithaca
Rochester,NorthCarolina
Rochester,NC
Rochester,Raleigh
Rochester,Charlotte
Rochester,Greensboro
Rochester,ChapelHill
Rochester,Asheville
Rochester,NorthDakota
Rochester,ND
Rochester,Bismark
Rochester,Fargo
Rochester,Ohio
Rochester,OH
Rochester,Columbus
Rochester,Cleveland
Rochester,Cincinnati
Rochester,Oklahoma
Rochester,OK
Ithaca,NorthCarolina
Ithaca,NC
Ithaca,Raleigh
Ithaca,Charlotte
Ithaca,Greensboro
Ithaca,ChapelHill
Ithaca,Asheville
Ithaca,NorthDakota
Ithaca,ND
Ithaca,Bismark
Ithaca,Fargo
Ithaca,Ohio
Ithaca,OH
Ithaca,Columbus
Ithaca,Cleveland
Ithaca,Cincinnati
Ithaca,Oklahoma
Ithaca,OK
NorthCarolina,NC
NorthCarolina,Raleigh
NorthCarolina,Charlotte
NorthCarolina,Greensboro
NorthCarolina,ChapelHill
NorthCarolina,Asheville
NorthCarolina,NorthDakota
NorthCarolina,ND
NorthCarolina,Bismark
NorthCarolina,Fargo
NorthCarolina,Ohio
NorthCarolina,OH
NorthCarolina,Columbus
NorthCarolina,Cleveland
NorthCarolina,Cincinnati
NorthCarolina,Oklahoma
NorthCarolina,OK
NC,Raleigh
NC,Charlotte
NC,Greensboro
NC,ChapelHill
NC,Asheville
NC,NorthDakota
NC,ND
NC,Bismark
NC,Fargo
NC,Ohio
NC,OH
NC,Columbus
NC,Cleveland
NC,Cincinnati
NC,Oklahoma
NC,OK
Raleigh,Charlotte
Raleigh,Greensboro
Raleigh,ChapelHill
Raleigh,Asheville
Raleigh,NorthDakota
Raleigh,ND
Raleigh,Bismark
Raleigh,Fargo
Raleigh,Ohio
Raleigh,OH
Raleigh,Columbus
Raleigh,Cleveland
Raleigh,Cincinnati
Raleigh,Oklahoma
Raleigh,OK
Charlotte,Greensboro
Charlotte,ChapelHill
Charlotte,Asheville
Charlotte,NorthDakota
Charlotte,ND
Charlotte,Bismark
Charlotte,Fargo
Charlotte,Ohio
Charlotte,OH
Charlotte,Columbus
Charlotte,Cleveland
Charlotte,Cincinnati
Charlotte,Oklahoma
Charlotte,OK
Greensboro,ChapelHill
Greensboro,Asheville
Greensboro,NorthDakota
Greensboro,ND
Greensboro,Bismark
Greensboro,Fargo
Greensboro,Ohio
Greensboro,OH
Greensboro,Columbus
Greensboro,Cleveland
Greensboro,Cincinnati
Greensboro,Oklahoma
Greensboro,OK
ChapelHill,Asheville
ChapelHill,NorthDakota
ChapelHill,ND
ChapelHill,Bismark
ChapelHill,Fargo
ChapelHill,Ohio
ChapelHill,OH
ChapelHill,Columbus
ChapelHill,Cleveland
ChapelHill,Cincinnati
ChapelHill,Oklahoma
ChapelHill,OK
Asheville,NorthDakota
Asheville,ND
Asheville,Bismark
Asheville,Fargo
Asheville,Ohio
Asheville,OH
Asheville,Columbus
Asheville,Cleveland
Asheville,Cincinnati
Asheville,Oklahoma
Asheville,OK
NorthDakota,ND
NorthDakota,Bismark
NorthDakota,Fargo
NorthDakota,Ohio
NorthDakota,OH
NorthDakota,Columbus
NorthDakota,Cleveland
NorthDakota,Cincinnati
NorthDakota,Oklahoma
NorthDakota,OK
ND,Bismark
ND,Fargo
ND,Ohio
ND,OH
ND,Columbus
ND,Cleveland
ND,Cincinnati
ND,Oklahoma
ND,OK
Bismark,Fargo
Bismark,Ohio
Bismark,OH
Bismark,Columbus
Bismark,Cleveland
Bismark,Cincinnati
Bismark,Oklahoma
Bismark,OK
Fargo,Ohio
Fargo,OH
Fargo,Columbus
Fargo,Cleveland
Fargo,Cincinnati
Fargo,Oklahoma
Fargo,OK
Ohio,OH
Ohio,Columbus
Ohio,Cleveland
Ohio,Cincinnati
Ohio,Oklahoma
Ohio,OK
OH,Columbus
OH,Cleveland
OH,Cincinnati
OH,Oklahoma
OH,OK
Columbus,Cleveland
Columbus,Cincinnati
Columbus,Oklahoma
Columbus,OK
Cleveland,Cincinnati
Cleveland,Oklahoma
Cleveland,OK
Cincinnati,Oklahoma
Cincinnati,OK
Oklahoma,OK
moon,moonchild
moon,trustyourjourney
moon,enlightenment
moon,nightphotography
moon,photographer
moon,photojournalist
moon,northcarolina
moon,chapelhill
moon,nightsky
moon,adventure
moon,optoutside
moon,exploremore
moon,freshair
moon,moonlight
moon,qotd
moon,depression
moon,bpdrecovery
moonchild,trustyourjourney
moonchild,enlightenment
moonchild,nightphotography
moonchild,photographer
moonchild,photojournalist
moonchild,northcarolina
moonchild,chapelhill
moonchild,nightsky
moonchild,adventure
moonchild,optoutside
moonchild,exploremore
moonchild,freshair
moonchild,moonlight
moonchild,qotd
moonchild,depression
moonchild,bpdrecovery
trustyourjourney,enlightenment
trustyourjourney,nightphotography
trustyourjourney,photographer
trustyourjourney,photojournalist
trustyourjourney,northcarolina
trustyourjourney,chapelhill
trustyourjourney,nightsky
trustyourjourney,adventure
trustyourjourney,optoutside
trustyourjourney,exploremore
trustyourjourney,freshair
trustyourjourney,moonlight
trustyourjourney,qotd
trustyourjourney,depression
trustyourjourney,bpdrecovery
enlightenment,nightphotography
enlightenment,photographer
enlightenment,photojournalist
enlightenment,northcarolina
enlightenment,chapelhill
enlightenment,nightsky
enlightenment,adventure
enlightenment,optoutside
enlightenment,exploremore
enlightenment,freshair
enlightenment,moonlight
enlightenment,qotd
enlightenment,depression
enlightenment,bpdrecovery
nightphotography,photographer
nightphotography,photojournalist
nightphotography,northcarolina
nightphotography,chapelhill
nightphotography,nightsky
nightphotography,adventure
nightphotography,optoutside
nightphotography,exploremore
nightphotography,freshair
nightphotography,moonlight
nightphotography,qotd
nightphotography,depression
nightphotography,bpdrecovery
photographer,photojournalist
photographer,northcarolina
photographer,chapelhill
photographer,nightsky
photographer,adventure
photographer,optoutside
photographer,exploremore
photographer,freshair
photographer,moonlight
photographer,qotd
photographer,depression
photographer,bpdrecovery
photojournalist,northcarolina
photojournalist,chapelhill
photojournalist,nightsky
photojournalist,adventure
photojournalist,optoutside
photojournalist,exploremore
photojournalist,freshair
photojournalist,moonlight
photojournalist,qotd
photojournalist,depression
photojournalist,bpdrecovery
northcarolina,chapelhill
northcarolina,nightsky
northcarolina,adventure
northcarolina,optoutside
northcarolina,exploremore
northcarolina,freshair
northcarolina,moonlight
northcarolina,qotd
northcarolina,depression
northcarolina,bpdrecovery
chapelhill,nightsky
chapelhill,adventure
chapelhill,optoutside
chapelhill,exploremore
chapelhill,freshair
chapelhill,moonlight
chapelhill,qotd
chapelhill,depression
chapelhill,bpdrecovery
nightsky,adventure
nightsky,optoutside
nightsky,exploremore
nightsky,freshair
nightsky,moonlight
nightsky,qotd
nightsky,depression
nightsky,bpdrecovery
adventure,optoutside
adventure,exploremore
adventure,freshair
adventure,moonlight
adventure,qotd
adventure,depression
adventure,bpdrecovery
optoutside,exploremore
optoutside,freshair
optoutside,moonlight
optoutside,qotd
optoutside,depression
optoutside,bpdrecovery
exploremore,freshair
exploremore,moonlight
exploremore,qotd
exploremore,depression
exploremore,bpdrecovery
freshair,moonlight
freshair,qotd
freshair,depression
freshair,bpdrecovery
moonlight,qotd
moonlight,depression
moonlight,bpdrecovery
qotd,depression
qotd,bpdrecovery
depression,bpdrecovery
puppy,chapelhill
puppy,
puppy,mynumberone
chapelhill,
chapelhill,mynumberone
,mynumberone
chapelhill,beautiful
chapelhill,foreversummer2016
beautiful,foreversummer2016
SAVAGE,HELLYEA
SAVAGE,FUCKYEA
SAVAGE,STRANGEMUSIC
SAVAGE,NC
SAVAGE,DURHAM
SAVAGE,GREENSBORO
SAVAGE,NORTECAROLINA
SAVAGE,MUSIC
SAVAGE,CHAPELHILL
SAVAGE,Carrboro
SAVAGE,NORTHCAROLINA
SAVAGE,MUSIC
SAVAGE,RAPLIFE
SAVAGE,EXTRATERRESTRIAL
SAVAGE,lol
SAVAGE,fuckyea
SAVAGE,hellyea
SAVAGE,carolina
SAVAGE,virginia
SAVAGE,BURLINGTON
SAVAGE,ROCKANDROLL
SAVAGE,elon
SAVAGE,mebane
HELLYEA,FUCKYEA
HELLYEA,STRANGEMUSIC
HELLYEA,NC
HELLYEA,DURHAM
HELLYEA,GREENSBORO
HELLYEA,NORTECAROLINA
HELLYEA,MUSIC
HELLYEA,CHAPELHILL
HELLYEA,Carrboro
HELLYEA,NORTHCAROLINA
HELLYEA,MUSIC
HELLYEA,RAPLIFE
HELLYEA,EXTRATERRESTRIAL
HELLYEA,lol
HELLYEA,fuckyea
HELLYEA,hellyea
HELLYEA,carolina
HELLYEA,virginia
HELLYEA,BURLINGTON
HELLYEA,ROCKANDROLL
HELLYEA,elon
HELLYEA,mebane
FUCKYEA,STRANGEMUSIC
FUCKYEA,NC
FUCKYEA,DURHAM
FUCKYEA,GREENSBORO
FUCKYEA,NORTECAROLINA
FUCKYEA,MUSIC
FUCKYEA,CHAPELHILL
FUCKYEA,Carrboro
FUCKYEA,NORTHCAROLINA
FUCKYEA,MUSIC
FUCKYEA,RAPLIFE
FUCKYEA,EXTRATERRESTRIAL
FUCKYEA,lol
FUCKYEA,fuckyea
FUCKYEA,hellyea
FUCKYEA,carolina
FUCKYEA,virginia
FUCKYEA,BURLINGTON
FUCKYEA,ROCKANDROLL
FUCKYEA,elon
FUCKYEA,mebane
STRANGEMUSIC,NC
STRANGEMUSIC,DURHAM
STRANGEMUSIC,GREENSBORO
STRANGEMUSIC,NORTECAROLINA
STRANGEMUSIC,MUSIC
STRANGEMUSIC,CHAPELHILL
STRANGEMUSIC,Carrboro
STRANGEMUSIC,NORTHCAROLINA
STRANGEMUSIC,MUSIC
STRANGEMUSIC,RAPLIFE
STRANGEMUSIC,EXTRATERRESTRIAL
STRANGEMUSIC,lol
STRANGEMUSIC,fuckyea
STRANGEMUSIC,hellyea
STRANGEMUSIC,carolina
STRANGEMUSIC,virginia
STRANGEMUSIC,BURLINGTON
STRANGEMUSIC,ROCKANDROLL
STRANGEMUSIC,elon
STRANGEMUSIC,mebane
NC,DURHAM
NC,GREENSBORO
NC,NORTECAROLINA
NC,MUSIC
NC,CHAPELHILL
NC,Carrboro
NC,NORTHCAROLINA
NC,MUSIC
NC,RAPLIFE
NC,EXTRATERRESTRIAL
NC,lol
NC,fuckyea
NC,hellyea
NC,carolina
NC,virginia
NC,BURLINGTON
NC,ROCKANDROLL
NC,elon
NC,mebane
DURHAM,GREENSBORO
DURHAM,NORTECAROLINA
DURHAM,MUSIC
DURHAM,CHAPELHILL
DURHAM,Carrboro
DURHAM,NORTHCAROLINA
DURHAM,MUSIC
DURHAM,RAPLIFE
DURHAM,EXTRATERRESTRIAL
DURHAM,lol
DURHAM,fuckyea
DURHAM,hellyea
DURHAM,carolina
DURHAM,virginia
DURHAM,BURLINGTON
DURHAM,ROCKANDROLL
DURHAM,elon
DURHAM,mebane
GREENSBORO,NORTECAROLINA
GREENSBORO,MUSIC
GREENSBORO,CHAPELHILL
GREENSBORO,Carrboro
GREENSBORO,NORTHCAROLINA
GREENSBORO,MUSIC
GREENSBORO,RAPLIFE
GREENSBORO,EXTRATERRESTRIAL
GREENSBORO,lol
GREENSBORO,fuckyea
GREENSBORO,hellyea
GREENSBORO,carolina
GREENSBORO,virginia
GREENSBORO,BURLINGTON
GREENSBORO,ROCKANDROLL
GREENSBORO,elon
GREENSBORO,mebane
NORTECAROLINA,MUSIC
NORTECAROLINA,CHAPELHILL
NORTECAROLINA,Carrboro
NORTECAROLINA,NORTHCAROLINA
NORTECAROLINA,MUSIC
NORTECAROLINA,RAPLIFE
NORTECAROLINA,EXTRATERRESTRIAL
NORTECAROLINA,lol
NORTECAROLINA,fuckyea
NORTECAROLINA,hellyea
NORTECAROLINA,carolina
NORTECAROLINA,virginia
NORTECAROLINA,BURLINGTON
NORTECAROLINA,ROCKANDROLL
NORTECAROLINA,elon
NORTECAROLINA,mebane
MUSIC,CHAPELHILL
MUSIC,Carrboro
MUSIC,NORTHCAROLINA
MUSIC,MUSIC
MUSIC,RAPLIFE
MUSIC,EXTRATERRESTRIAL
MUSIC,lol
MUSIC,fuckyea
MUSIC,hellyea
MUSIC,carolina
MUSIC,virginia
MUSIC,BURLINGTON
MUSIC,ROCKANDROLL
MUSIC,elon
MUSIC,mebane
CHAPELHILL,Carrboro
CHAPELHILL,NORTHCAROLINA
CHAPELHILL,MUSIC
CHAPELHILL,RAPLIFE
CHAPELHILL,EXTRATERRESTRIAL
CHAPELHILL,lol
CHAPELHILL,fuckyea
CHAPELHILL,hellyea
CHAPELHILL,carolina
CHAPELHILL,virginia
CHAPELHILL,BURLINGTON
CHAPELHILL,ROCKANDROLL
CHAPELHILL,elon
CHAPELHILL,mebane
Carrboro,NORTHCAROLINA
Carrboro,MUSIC
Carrboro,RAPLIFE
Carrboro,EXTRATERRESTRIAL
Carrboro,lol
Carrboro,fuckyea
Carrboro,hellyea
Carrboro,carolina
Carrboro,virginia
Carrboro,BURLINGTON
Carrboro,ROCKANDROLL
Carrboro,elon
Carrboro,mebane
NORTHCAROLINA,MUSIC
NORTHCAROLINA,RAPLIFE
NORTHCAROLINA,EXTRATERRESTRIAL
NORTHCAROLINA,lol
NORTHCAROLINA,fuckyea
NORTHCAROLINA,hellyea
NORTHCAROLINA,carolina
NORTHCAROLINA,virginia
NORTHCAROLINA,BURLINGTON
NORTHCAROLINA,ROCKANDROLL
NORTHCAROLINA,elon
NORTHCAROLINA,mebane
MUSIC,RAPLIFE
MUSIC,EXTRATERRESTRIAL
MUSIC,lol
MUSIC,fuckyea
MUSIC,hellyea
MUSIC,carolina
MUSIC,virginia
MUSIC,BURLINGTON
MUSIC,ROCKANDROLL
MUSIC,elon
MUSIC,mebane
RAPLIFE,EXTRATERRESTRIAL
RAPLIFE,lol
RAPLIFE,fuckyea
RAPLIFE,hellyea
RAPLIFE,carolina
RAPLIFE,virginia
RAPLIFE,BURLINGTON
RAPLIFE,ROCKANDROLL
RAPLIFE,elon
RAPLIFE,mebane
EXTRATERRESTRIAL,lol
EXTRATERRESTRIAL,fuckyea
EXTRATERRESTRIAL,hellyea
EXTRATERRESTRIAL,carolina
EXTRATERRESTRIAL,virginia
EXTRATERRESTRIAL,BURLINGTON
EXTRATERRESTRIAL,ROCKANDROLL
EXTRATERRESTRIAL,elon
EXTRATERRESTRIAL,mebane
lol,fuckyea
lol,hellyea
lol,carolina
lol,virginia
lol,BURLINGTON
lol,ROCKANDROLL
lol,elon
lol,mebane
fuckyea,hellyea
fuckyea,carolina
fuckyea,virginia
fuckyea,BURLINGTON
fuckyea,ROCKANDROLL
fuckyea,elon
fuckyea,mebane
hellyea,carolina
hellyea,virginia
hellyea,BURLINGTON
hellyea,ROCKANDROLL
hellyea,elon
hellyea,mebane
carolina,virginia
carolina,BURLINGTON
carolina,ROCKANDROLL
carolina,elon
carolina,mebane
virginia,BURLINGTON
virginia,ROCKANDROLL
virginia,elon
virginia,mebane
BURLINGTON,ROCKANDROLL
BURLINGTON,elon
BURLINGTON,mebane
ROCKANDROLL,elon
ROCKANDROLL,mebane
elon,mebane
honeybuncake,CakeMommy
honeybuncake,shewerkin
honeybuncake,twerkininthekitchen
honeybuncake,
honeybuncake,teamnosleep
honeybuncake,chapelhill
honeybuncake,carrboro
honeybuncake,919
honeybuncake,cakelove
honeybuncake,cakelife
honeybuncake,sweets
honeybuncake,mompreneur
honeybuncake,bakebakebake
honeybuncake,cakecakecake
honeybuncake,getyours
honeybuncake,callme
honeybuncake,cakingit
honeybuncake,loveatfirstbite
honeybuncake,sweetdreams
CakeMommy,shewerkin
CakeMommy,twerkininthekitchen
CakeMommy,
CakeMommy,teamnosleep
CakeMommy,chapelhill
CakeMommy,carrboro
CakeMommy,919
CakeMommy,cakelove
CakeMommy,cakelife
CakeMommy,sweets
CakeMommy,mompreneur
CakeMommy,bakebakebake
CakeMommy,cakecakecake
CakeMommy,getyours
CakeMommy,callme
CakeMommy,cakingit
CakeMommy,loveatfirstbite
CakeMommy,sweetdreams
shewerkin,twerkininthekitchen
shewerkin,
shewerkin,teamnosleep
shewerkin,chapelhill
shewerkin,carrboro
shewerkin,919
shewerkin,cakelove
shewerkin,cakelife
shewerkin,sweets
shewerkin,mompreneur
shewerkin,bakebakebake
shewerkin,cakecakecake
shewerkin,getyours
shewerkin,callme
shewerkin,cakingit
shewerkin,loveatfirstbite
shewerkin,sweetdreams
twerkininthekitchen,
twerkininthekitchen,teamnosleep
twerkininthekitchen,chapelhill
twerkininthekitchen,carrboro
twerkininthekitchen,919
twerkininthekitchen,cakelove
twerkininthekitchen,cakelife
twerkininthekitchen,sweets
twerkininthekitchen,mompreneur
twerkininthekitchen,bakebakebake
twerkininthekitchen,cakecakecake
twerkininthekitchen,getyours
twerkininthekitchen,callme
twerkininthekitchen,cakingit
twerkininthekitchen,loveatfirstbite
twerkininthekitchen,sweetdreams
,teamnosleep
,chapelhill
,carrboro
,919
,cakelove
,cakelife
,sweets
,mompreneur
,bakebakebake
,cakecakecake
,getyours
,callme
,cakingit
,loveatfirstbite
,sweetdreams
teamnosleep,chapelhill
teamnosleep,carrboro
teamnosleep,919
teamnosleep,cakelove
teamnosleep,cakelife
teamnosleep,sweets
teamnosleep,mompreneur
teamnosleep,bakebakebake
teamnosleep,cakecakecake
teamnosleep,getyours
teamnosleep,callme
teamnosleep,cakingit
teamnosleep,loveatfirstbite
teamnosleep,sweetdreams
chapelhill,carrboro
chapelhill,919
chapelhill,cakelove
chapelhill,cakelife
chapelhill,sweets
chapelhill,mompreneur
chapelhill,bakebakebake
chapelhill,cakecakecake
chapelhill,getyours
chapelhill,callme
chapelhill,cakingit
chapelhill,loveatfirstbite
chapelhill,sweetdreams
carrboro,919
carrboro,cakelove
carrboro,cakelife
carrboro,sweets
carrboro,mompreneur
carrboro,bakebakebake
carrboro,cakecakecake
carrboro,getyours
carrboro,callme
carrboro,cakingit
carrboro,loveatfirstbite
carrboro,sweetdreams
919,cakelove
919,cakelife
919,sweets
919,mompreneur
919,bakebakebake
919,cakecakecake
919,getyours
919,callme
919,cakingit
919,loveatfirstbite
919,sweetdreams
cakelove,cakelife
cakelove,sweets
cakelove,mompreneur
cakelove,bakebakebake
cakelove,cakecakecake
cakelove,getyours
cakelove,callme
cakelove,cakingit
cakelove,loveatfirstbite
cakelove,sweetdreams
cakelife,sweets
cakelife,mompreneur
cakelife,bakebakebake
cakelife,cakecakecake
cakelife,getyours
cakelife,callme
cakelife,cakingit
cakelife,loveatfirstbite
cakelife,sweetdreams
sweets,mompreneur
sweets,bakebakebake
sweets,cakecakecake
sweets,getyours
sweets,callme
sweets,cakingit
sweets,loveatfirstbite
sweets,sweetdreams
mompreneur,bakebakebake
mompreneur,cakecakecake
mompreneur,getyours
mompreneur,callme
mompreneur,cakingit
mompreneur,loveatfirstbite
mompreneur,sweetdreams
bakebakebake,cakecakecake
bakebakebake,getyours
bakebakebake,callme
bakebakebake,cakingit
bakebakebake,loveatfirstbite
bakebakebake,sweetdreams
cakecakecake,getyours
cakecakecake,callme
cakecakecake,cakingit
cakecakecake,loveatfirstbite
cakecakecake,sweetdreams
getyours,callme
getyours,cakingit
getyours,loveatfirstbite
getyours,sweetdreams
callme,cakingit
callme,loveatfirstbite
callme,sweetdreams
cakingit,loveatfirstbite
cakingit,sweetdreams
loveatfirstbite,sweetdreams
ceremonysalon,chapelhill
ceremonysalon,carrboro
ceremonysalon,cutitshort
ceremonysalon,chapelhillstylist
ceremonysalon,randco
chapelhill,carrboro
chapelhill,cutitshort
chapelhill,chapelhillstylist
chapelhill,randco
carrboro,cutitshort
carrboro,chapelhillstylist
carrboro,randco
cutitshort,chapelhillstylist
cutitshort,randco
chapelhillstylist,randco
NowBooking,grill
NowBooking,Raleigh
NowBooking,nc
NowBooking,Atl
NowBooking,designed
NowBooking,grillz
NowBooking,yellowgold
NowBooking,silver
NowBooking,free
NowBooking,schedule
NowBooking,NC
NowBooking,raleigh
NowBooking,nchiphop
NowBooking,durham
NowBooking,chapelhill
NowBooking,fayetteville
NowBooking,nc
NowBooking,shawu
NowBooking,saintaugustine
NowBooking,nccu
NowBooking,gold
NowBooking,goldgrillz
NowBooking,goldteeth
NowBooking,shipmoldkitanywhere
NowBooking,CallUs
grill,Raleigh
grill,nc
grill,Atl
grill,designed
grill,grillz
grill,yellowgold
grill,silver
grill,free
grill,schedule
grill,NC
grill,raleigh
grill,nchiphop
grill,durham
grill,chapelhill
grill,fayetteville
grill,nc
grill,shawu
grill,saintaugustine
grill,nccu
grill,gold
grill,goldgrillz
grill,goldteeth
grill,shipmoldkitanywhere
grill,CallUs
Raleigh,nc
Raleigh,Atl
Raleigh,designed
Raleigh,grillz
Raleigh,yellowgold
Raleigh,silver
Raleigh,free
Raleigh,schedule
Raleigh,NC
Raleigh,raleigh
Raleigh,nchiphop
Raleigh,durham
Raleigh,chapelhill
Raleigh,fayetteville
Raleigh,nc
Raleigh,shawu
Raleigh,saintaugustine
Raleigh,nccu
Raleigh,gold
Raleigh,goldgrillz
Raleigh,goldteeth
Raleigh,shipmoldkitanywhere
Raleigh,CallUs
nc,Atl
nc,designed
nc,grillz
nc,yellowgold
nc,silver
nc,free
nc,schedule
nc,NC
nc,raleigh
nc,nchiphop
nc,durham
nc,chapelhill
nc,fayetteville
nc,nc
nc,shawu
nc,saintaugustine
nc,nccu
nc,gold
nc,goldgrillz
nc,goldteeth
nc,shipmoldkitanywhere
nc,CallUs
Atl,designed
Atl,grillz
Atl,yellowgold
Atl,silver
Atl,free
Atl,schedule
Atl,NC
Atl,raleigh
Atl,nchiphop
Atl,durham
Atl,chapelhill
Atl,fayetteville
Atl,nc
Atl,shawu
Atl,saintaugustine
Atl,nccu
Atl,gold
Atl,goldgrillz
Atl,goldteeth
Atl,shipmoldkitanywhere
Atl,CallUs
designed,grillz
designed,yellowgold
designed,silver
designed,free
designed,schedule
designed,NC
designed,raleigh
designed,nchiphop
designed,durham
designed,chapelhill
designed,fayetteville
designed,nc
designed,shawu
designed,saintaugustine
designed,nccu
designed,gold
designed,goldgrillz
designed,goldteeth
designed,shipmoldkitanywhere
designed,CallUs
grillz,yellowgold
grillz,silver
grillz,free
grillz,schedule
grillz,NC
grillz,raleigh
grillz,nchiphop
grillz,durham
grillz,chapelhill
grillz,fayetteville
grillz,nc
grillz,shawu
grillz,saintaugustine
grillz,nccu
grillz,gold
grillz,goldgrillz
grillz,goldteeth
grillz,shipmoldkitanywhere
grillz,CallUs
yellowgold,silver
yellowgold,free
yellowgold,schedule
yellowgold,NC
yellowgold,raleigh
yellowgold,nchiphop
yellowgold,durham
yellowgold,chapelhill
yellowgold,fayetteville
yellowgold,nc
yellowgold,shawu
yellowgold,saintaugustine
yellowgold,nccu
yellowgold,gold
yellowgold,goldgrillz
yellowgold,goldteeth
yellowgold,shipmoldkitanywhere
yellowgold,CallUs
silver,free
silver,schedule
silver,NC
silver,raleigh
silver,nchiphop
silver,durham
silver,chapelhill
silver,fayetteville
silver,nc
silver,shawu
silver,saintaugustine
silver,nccu
silver,gold
silver,goldgrillz
silver,goldteeth
silver,shipmoldkitanywhere
silver,CallUs
free,schedule
free,NC
free,raleigh
free,nchiphop
free,durham
free,chapelhill
free,fayetteville
free,nc
free,shawu
free,saintaugustine
free,nccu
free,gold
free,goldgrillz
free,goldteeth
free,shipmoldkitanywhere
free,CallUs
schedule,NC
schedule,raleigh
schedule,nchiphop
schedule,durham
schedule,chapelhill
schedule,fayetteville
schedule,nc
schedule,shawu
schedule,saintaugustine
schedule,nccu
schedule,gold
schedule,goldgrillz
schedule,goldteeth
schedule,shipmoldkitanywhere
schedule,CallUs
NC,raleigh
NC,nchiphop
NC,durham
NC,chapelhill
NC,fayetteville
NC,nc
NC,shawu
NC,saintaugustine
NC,nccu
NC,gold
NC,goldgrillz
NC,goldteeth
NC,shipmoldkitanywhere
NC,CallUs
raleigh,nchiphop
raleigh,durham
raleigh,chapelhill
raleigh,fayetteville
raleigh,nc
raleigh,shawu
raleigh,saintaugustine
raleigh,nccu
raleigh,gold
raleigh,goldgrillz
raleigh,goldteeth
raleigh,shipmoldkitanywhere
raleigh,CallUs
nchiphop,durham
nchiphop,chapelhill
nchiphop,fayetteville
nchiphop,nc
nchiphop,shawu
nchiphop,saintaugustine
nchiphop,nccu
nchiphop,gold
nchiphop,goldgrillz
nchiphop,goldteeth
nchiphop,shipmoldkitanywhere
nchiphop,CallUs
durham,chapelhill
durham,fayetteville
durham,nc
durham,shawu
durham,saintaugustine
durham,nccu
durham,gold
durham,goldgrillz
durham,goldteeth
durham,shipmoldkitanywhere
durham,CallUs
chapelhill,fayetteville
chapelhill,nc
chapelhill,shawu
chapelhill,saintaugustine
chapelhill,nccu
chapelhill,gold
chapelhill,goldgrillz
chapelhill,goldteeth
chapelhill,shipmoldkitanywhere
chapelhill,CallUs
fayetteville,nc
fayetteville,shawu
fayetteville,saintaugustine
fayetteville,nccu
fayetteville,gold
fayetteville,goldgrillz
fayetteville,goldteeth
fayetteville,shipmoldkitanywhere
fayetteville,CallUs
nc,shawu
nc,saintaugustine
nc,nccu
nc,gold
nc,goldgrillz
nc,goldteeth
nc,shipmoldkitanywhere
nc,CallUs
shawu,saintaugustine
shawu,nccu
shawu,gold
shawu,goldgrillz
shawu,goldteeth
shawu,shipmoldkitanywhere
shawu,CallUs
saintaugustine,nccu
saintaugustine,gold
saintaugustine,goldgrillz
saintaugustine,goldteeth
saintaugustine,shipmoldkitanywhere
saintaugustine,CallUs
nccu,gold
nccu,goldgrillz
nccu,goldteeth
nccu,shipmoldkitanywhere
nccu,CallUs
gold,goldgrillz
gold,goldteeth
gold,shipmoldkitanywhere
gold,CallUs
goldgrillz,goldteeth
goldgrillz,shipmoldkitanywhere
goldgrillz,CallUs
goldteeth,shipmoldkitanywhere
goldteeth,CallUs
shipmoldkitanywhere,CallUs
NowBooking,grill
NowBooking,Raleigh
NowBooking,nc
NowBooking,Atl
NowBooking,designed
NowBooking,grillz
NowBooking,yellowgold
NowBooking,silver
NowBooking,free
NowBooking,schedule
NowBooking,NC
NowBooking,raleigh
NowBooking,nchiphop
NowBooking,durham
NowBooking,chapelhill
NowBooking,fayetteville
NowBooking,nc
NowBooking,shawu
NowBooking,saintaugustine
NowBooking,nccu
NowBooking,gold
NowBooking,goldgrillz
NowBooking,goldteeth
NowBooking,shipmoldkitanywhere
NowBooking,CallUs
grill,Raleigh
grill,nc
grill,Atl
grill,designed
grill,grillz
grill,yellowgold
grill,silver
grill,free
grill,schedule
grill,NC
grill,raleigh
grill,nchiphop
grill,durham
grill,chapelhill
grill,fayetteville
grill,nc
grill,shawu
grill,saintaugustine
grill,nccu
grill,gold
grill,goldgrillz
grill,goldteeth
grill,shipmoldkitanywhere
grill,CallUs
Raleigh,nc
Raleigh,Atl
Raleigh,designed
Raleigh,grillz
Raleigh,yellowgold
Raleigh,silver
Raleigh,free
Raleigh,schedule
Raleigh,NC
Raleigh,raleigh
Raleigh,nchiphop
Raleigh,durham
Raleigh,chapelhill
Raleigh,fayetteville
Raleigh,nc
Raleigh,shawu
Raleigh,saintaugustine
Raleigh,nccu
Raleigh,gold
Raleigh,goldgrillz
Raleigh,goldteeth
Raleigh,shipmoldkitanywhere
Raleigh,CallUs
nc,Atl
nc,designed
nc,grillz
nc,yellowgold
nc,silver
nc,free
nc,schedule
nc,NC
nc,raleigh
nc,nchiphop
nc,durham
nc,chapelhill
nc,fayetteville
nc,nc
nc,shawu
nc,saintaugustine
nc,nccu
nc,gold
nc,goldgrillz
nc,goldteeth
nc,shipmoldkitanywhere
nc,CallUs
Atl,designed
Atl,grillz
Atl,yellowgold
Atl,silver
Atl,free
Atl,schedule
Atl,NC
Atl,raleigh
Atl,nchiphop
Atl,durham
Atl,chapelhill
Atl,fayetteville
Atl,nc
Atl,shawu
Atl,saintaugustine
Atl,nccu
Atl,gold
Atl,goldgrillz
Atl,goldteeth
Atl,shipmoldkitanywhere
Atl,CallUs
designed,grillz
designed,yellowgold
designed,silver
designed,free
designed,schedule
designed,NC
designed,raleigh
designed,nchiphop
designed,durham
designed,chapelhill
designed,fayetteville
designed,nc
designed,shawu
designed,saintaugustine
designed,nccu
designed,gold
designed,goldgrillz
designed,goldteeth
designed,shipmoldkitanywhere
designed,CallUs
grillz,yellowgold
grillz,silver
grillz,free
grillz,schedule
grillz,NC
grillz,raleigh
grillz,nchiphop
grillz,durham
grillz,chapelhill
grillz,fayetteville
grillz,nc
grillz,shawu
grillz,saintaugustine
grillz,nccu
grillz,gold
grillz,goldgrillz
grillz,goldteeth
grillz,shipmoldkitanywhere
grillz,CallUs
yellowgold,silver
yellowgold,free
yellowgold,schedule
yellowgold,NC
yellowgold,raleigh
yellowgold,nchiphop
yellowgold,durham
yellowgold,chapelhill
yellowgold,fayetteville
yellowgold,nc
yellowgold,shawu
yellowgold,saintaugustine
yellowgold,nccu
yellowgold,gold
yellowgold,goldgrillz
yellowgold,goldteeth
yellowgold,shipmoldkitanywhere
yellowgold,CallUs
silver,free
silver,schedule
silver,NC
silver,raleigh
silver,nchiphop
silver,durham
silver,chapelhill
silver,fayetteville
silver,nc
silver,shawu
silver,saintaugustine
silver,nccu
silver,gold
silver,goldgrillz
silver,goldteeth
silver,shipmoldkitanywhere
silver,CallUs
free,schedule
free,NC
free,raleigh
free,nchiphop
free,durham
free,chapelhill
free,fayetteville
free,nc
free,shawu
free,saintaugustine
free,nccu
free,gold
free,goldgrillz
free,goldteeth
free,shipmoldkitanywhere
free,CallUs
schedule,NC
schedule,raleigh
schedule,nchiphop
schedule,durham
schedule,chapelhill
schedule,fayetteville
schedule,nc
schedule,shawu
schedule,saintaugustine
schedule,nccu
schedule,gold
schedule,goldgrillz
schedule,goldteeth
schedule,shipmoldkitanywhere
schedule,CallUs
NC,raleigh
NC,nchiphop
NC,durham
NC,chapelhill
NC,fayetteville
NC,nc
NC,shawu
NC,saintaugustine
NC,nccu
NC,gold
NC,goldgrillz
NC,goldteeth
NC,shipmoldkitanywhere
NC,CallUs
raleigh,nchiphop
raleigh,durham
raleigh,chapelhill
raleigh,fayetteville
raleigh,nc
raleigh,shawu
raleigh,saintaugustine
raleigh,nccu
raleigh,gold
raleigh,goldgrillz
raleigh,goldteeth
raleigh,shipmoldkitanywhere
raleigh,CallUs
nchiphop,durham
nchiphop,chapelhill
nchiphop,fayetteville
nchiphop,nc
nchiphop,shawu
nchiphop,saintaugustine
nchiphop,nccu
nchiphop,gold
nchiphop,goldgrillz
nchiphop,goldteeth
nchiphop,shipmoldkitanywhere
nchiphop,CallUs
durham,chapelhill
durham,fayetteville
durham,nc
durham,shawu
durham,saintaugustine
durham,nccu
durham,gold
durham,goldgrillz
durham,goldteeth
durham,shipmoldkitanywhere
durham,CallUs
chapelhill,fayetteville
chapelhill,nc
chapelhill,shawu
chapelhill,saintaugustine
chapelhill,nccu
chapelhill,gold
chapelhill,goldgrillz
chapelhill,goldteeth
chapelhill,shipmoldkitanywhere
chapelhill,CallUs
fayetteville,nc
fayetteville,shawu
fayetteville,saintaugustine
fayetteville,nccu
fayetteville,gold
fayetteville,goldgrillz
fayetteville,goldteeth
fayetteville,shipmoldkitanywhere
fayetteville,CallUs
nc,shawu
nc,saintaugustine
nc,nccu
nc,gold
nc,goldgrillz
nc,goldteeth
nc,shipmoldkitanywhere
nc,CallUs
shawu,saintaugustine
shawu,nccu
shawu,gold
shawu,goldgrillz
shawu,goldteeth
shawu,shipmoldkitanywhere
shawu,CallUs
saintaugustine,nccu
saintaugustine,gold
saintaugustine,goldgrillz
saintaugustine,goldteeth
saintaugustine,shipmoldkitanywhere
saintaugustine,CallUs
nccu,gold
nccu,goldgrillz
nccu,goldteeth
nccu,shipmoldkitanywhere
nccu,CallUs
gold,goldgrillz
gold,goldteeth
gold,shipmoldkitanywhere
gold,CallUs
goldgrillz,goldteeth
goldgrillz,shipmoldkitanywhere
goldgrillz,CallUs
goldteeth,shipmoldkitanywhere
goldteeth,CallUs
shipmoldkitanywhere,CallUs
Aveda,avedacolor
Aveda,aich
Aveda,superpower
Aveda,hair
Aveda,hairporn
Aveda,aich
Aveda,chapelhill
Aveda,balayage
Aveda,fallhair
Aveda,fall
Aveda,style
Aveda,fashion
Aveda,reflection
Aveda,mirror
Aveda,smile
avedacolor,aich
avedacolor,superpower
avedacolor,hair
avedacolor,hairporn
avedacolor,aich
avedacolor,chapelhill
avedacolor,balayage
avedacolor,fallhair
avedacolor,fall
avedacolor,style
avedacolor,fashion
avedacolor,reflection
avedacolor,mirror
avedacolor,smile
aich,superpower
aich,hair
aich,hairporn
aich,aich
aich,chapelhill
aich,balayage
aich,fallhair
aich,fall
aich,style
aich,fashion
aich,reflection
aich,mirror
aich,smile
superpower,hair
superpower,hairporn
superpower,aich
superpower,chapelhill
superpower,balayage
superpower,fallhair
superpower,fall
superpower,style
superpower,fashion
superpower,reflection
superpower,mirror
superpower,smile
hair,hairporn
hair,aich
hair,chapelhill
hair,balayage
hair,fallhair
hair,fall
hair,style
hair,fashion
hair,reflection
hair,mirror
hair,smile
hairporn,aich
hairporn,chapelhill
hairporn,balayage
hairporn,fallhair
hairporn,fall
hairporn,style
hairporn,fashion
hairporn,reflection
hairporn,mirror
hairporn,smile
aich,chapelhill
aich,balayage
aich,fallhair
aich,fall
aich,style
aich,fashion
aich,reflection
aich,mirror
aich,smile
chapelhill,balayage
chapelhill,fallhair
chapelhill,fall
chapelhill,style
chapelhill,fashion
chapelhill,reflection
chapelhill,mirror
chapelhill,smile
balayage,fallhair
balayage,fall
balayage,style
balayage,fashion
balayage,reflection
balayage,mirror
balayage,smile
fallhair,fall
fallhair,style
fallhair,fashion
fallhair,reflection
fallhair,mirror
fallhair,smile
fall,style
fall,fashion
fall,reflection
fall,mirror
fall,smile
style,fashion
style,reflection
style,mirror
style,smile
fashion,reflection
fashion,mirror
fashion,smile
reflection,mirror
reflection,smile
mirror,smile
largemouth,golfing
largemouth,golf
largemouth,fishing
largemouth,flyfishing
largemouth,bass
largemouth,fall
largemouth,chapelhill
largemouth,nc
golfing,golf
golfing,fishing
golfing,flyfishing
golfing,bass
golfing,fall
golfing,chapelhill
golfing,nc
golf,fishing
golf,flyfishing
golf,bass
golf,fall
golf,chapelhill
golf,nc
fishing,flyfishing
fishing,bass
fishing,fall
fishing,chapelhill
fishing,nc
flyfishing,bass
flyfishing,fall
flyfishing,chapelhill
flyfishing,nc
bass,fall
bass,chapelhill
bass,nc
fall,chapelhill
fall,nc
chapelhill,nc
NowBooking,grill
NowBooking,Raleigh
NowBooking,nc
NowBooking,Atl
NowBooking,designed
NowBooking,grillz
NowBooking,yellowgold
NowBooking,silver
NowBooking,free
NowBooking,schedule
NowBooking,NC
NowBooking,raleigh
NowBooking,nchiphop
NowBooking,durham
NowBooking,chapelhill
NowBooking,fayetteville
NowBooking,nc
NowBooking,shawu
NowBooking,saintaugustine
NowBooking,nccu
NowBooking,gold
NowBooking,goldgrillz
NowBooking,goldteeth
NowBooking,shipmoldkitanywhere
NowBooking,CallUs
grill,Raleigh
grill,nc
grill,Atl
grill,designed
grill,grillz
grill,yellowgold
grill,silver
grill,free
grill,schedule
grill,NC
grill,raleigh
grill,nchiphop
grill,durham
grill,chapelhill
grill,fayetteville
grill,nc
grill,shawu
grill,saintaugustine
grill,nccu
grill,gold
grill,goldgrillz
grill,goldteeth
grill,shipmoldkitanywhere
grill,CallUs
Raleigh,nc
Raleigh,Atl
Raleigh,designed
Raleigh,grillz
Raleigh,yellowgold
Raleigh,silver
Raleigh,free
Raleigh,schedule
Raleigh,NC
Raleigh,raleigh
Raleigh,nchiphop
Raleigh,durham
Raleigh,chapelhill
Raleigh,fayetteville
Raleigh,nc
Raleigh,shawu
Raleigh,saintaugustine
Raleigh,nccu
Raleigh,gold
Raleigh,goldgrillz
Raleigh,goldteeth
Raleigh,shipmoldkitanywhere
Raleigh,CallUs
nc,Atl
nc,designed
nc,grillz
nc,yellowgold
nc,silver
nc,free
nc,schedule
nc,NC
nc,raleigh
nc,nchiphop
nc,durham
nc,chapelhill
nc,fayetteville
nc,nc
nc,shawu
nc,saintaugustine
nc,nccu
nc,gold
nc,goldgrillz
nc,goldteeth
nc,shipmoldkitanywhere
nc,CallUs
Atl,designed
Atl,grillz
Atl,yellowgold
Atl,silver
Atl,free
Atl,schedule
Atl,NC
Atl,raleigh
Atl,nchiphop
Atl,durham
Atl,chapelhill
Atl,fayetteville
Atl,nc
Atl,shawu
Atl,saintaugustine
Atl,nccu
Atl,gold
Atl,goldgrillz
Atl,goldteeth
Atl,shipmoldkitanywhere
Atl,CallUs
designed,grillz
designed,yellowgold
designed,silver
designed,free
designed,schedule
designed,NC
designed,raleigh
designed,nchiphop
designed,durham
designed,chapelhill
designed,fayetteville
designed,nc
designed,shawu
designed,saintaugustine
designed,nccu
designed,gold
designed,goldgrillz
designed,goldteeth
designed,shipmoldkitanywhere
designed,CallUs
grillz,yellowgold
grillz,silver
grillz,free
grillz,schedule
grillz,NC
grillz,raleigh
grillz,nchiphop
grillz,durham
grillz,chapelhill
grillz,fayetteville
grillz,nc
grillz,shawu
grillz,saintaugustine
grillz,nccu
grillz,gold
grillz,goldgrillz
grillz,goldteeth
grillz,shipmoldkitanywhere
grillz,CallUs
yellowgold,silver
yellowgold,free
yellowgold,schedule
yellowgold,NC
yellowgold,raleigh
yellowgold,nchiphop
yellowgold,durham
yellowgold,chapelhill
yellowgold,fayetteville
yellowgold,nc
yellowgold,shawu
yellowgold,saintaugustine
yellowgold,nccu
yellowgold,gold
yellowgold,goldgrillz
yellowgold,goldteeth
yellowgold,shipmoldkitanywhere
yellowgold,CallUs
silver,free
silver,schedule
silver,NC
silver,raleigh
silver,nchiphop
silver,durham
silver,chapelhill
silver,fayetteville
silver,nc
silver,shawu
silver,saintaugustine
silver,nccu
silver,gold
silver,goldgrillz
silver,goldteeth
silver,shipmoldkitanywhere
silver,CallUs
free,schedule
free,NC
free,raleigh
free,nchiphop
free,durham
free,chapelhill
free,fayetteville
free,nc
free,shawu
free,saintaugustine
free,nccu
free,gold
free,goldgrillz
free,goldteeth
free,shipmoldkitanywhere
free,CallUs
schedule,NC
schedule,raleigh
schedule,nchiphop
schedule,durham
schedule,chapelhill
schedule,fayetteville
schedule,nc
schedule,shawu
schedule,saintaugustine
schedule,nccu
schedule,gold
schedule,goldgrillz
schedule,goldteeth
schedule,shipmoldkitanywhere
schedule,CallUs
NC,raleigh
NC,nchiphop
NC,durham
NC,chapelhill
NC,fayetteville
NC,nc
NC,shawu
NC,saintaugustine
NC,nccu
NC,gold
NC,goldgrillz
NC,goldteeth
NC,shipmoldkitanywhere
NC,CallUs
raleigh,nchiphop
raleigh,durham
raleigh,chapelhill
raleigh,fayetteville
raleigh,nc
raleigh,shawu
raleigh,saintaugustine
raleigh,nccu
raleigh,gold
raleigh,goldgrillz
raleigh,goldteeth
raleigh,shipmoldkitanywhere
raleigh,CallUs
nchiphop,durham
nchiphop,chapelhill
nchiphop,fayetteville
nchiphop,nc
nchiphop,shawu
nchiphop,saintaugustine
nchiphop,nccu
nchiphop,gold
nchiphop,goldgrillz
nchiphop,goldteeth
nchiphop,shipmoldkitanywhere
nchiphop,CallUs
durham,chapelhill
durham,fayetteville
durham,nc
durham,shawu
durham,saintaugustine
durham,nccu
durham,gold
durham,goldgrillz
durham,goldteeth
durham,shipmoldkitanywhere
durham,CallUs
chapelhill,fayetteville
chapelhill,nc
chapelhill,shawu
chapelhill,saintaugustine
chapelhill,nccu
chapelhill,gold
chapelhill,goldgrillz
chapelhill,goldteeth
chapelhill,shipmoldkitanywhere
chapelhill,CallUs
fayetteville,nc
fayetteville,shawu
fayetteville,saintaugustine
fayetteville,nccu
fayetteville,gold
fayetteville,goldgrillz
fayetteville,goldteeth
fayetteville,shipmoldkitanywhere
fayetteville,CallUs
nc,shawu
nc,saintaugustine
nc,nccu
nc,gold
nc,goldgrillz
nc,goldteeth
nc,shipmoldkitanywhere
nc,CallUs
shawu,saintaugustine
shawu,nccu
shawu,gold
shawu,goldgrillz
shawu,goldteeth
shawu,shipmoldkitanywhere
shawu,CallUs
saintaugustine,nccu
saintaugustine,gold
saintaugustine,goldgrillz
saintaugustine,goldteeth
saintaugustine,shipmoldkitanywhere
saintaugustine,CallUs
nccu,gold
nccu,goldgrillz
nccu,goldteeth
nccu,shipmoldkitanywhere
nccu,CallUs
gold,goldgrillz
gold,goldteeth
gold,shipmoldkitanywhere
gold,CallUs
goldgrillz,goldteeth
goldgrillz,shipmoldkitanywhere
goldgrillz,CallUs
goldteeth,shipmoldkitanywhere
goldteeth,CallUs
shipmoldkitanywhere,CallUs
dodgeviper,carswithoutlimits
dodgeviper,caroftheday
dodgeviper,carsofinstagram
dodgeviper,cars
dodgeviper,carolina
dodgeviper,eastcoast
dodgeviper,happythursday
dodgeviper,motivation
dodgeviper,raleigh
dodgeviper,durham
dodgeviper,chapelhill
dodgeviper,cary
dodgeviper,wakeforest
dodgeviper,greensboro
dodgeviper,charlotte
dodgeviper,myrtlebeach
carswithoutlimits,caroftheday
carswithoutlimits,carsofinstagram
carswithoutlimits,cars
carswithoutlimits,carolina
carswithoutlimits,eastcoast
carswithoutlimits,happythursday
carswithoutlimits,motivation
carswithoutlimits,raleigh
carswithoutlimits,durham
carswithoutlimits,chapelhill
carswithoutlimits,cary
carswithoutlimits,wakeforest
carswithoutlimits,greensboro
carswithoutlimits,charlotte
carswithoutlimits,myrtlebeach
caroftheday,carsofinstagram
caroftheday,cars
caroftheday,carolina
caroftheday,eastcoast
caroftheday,happythursday
caroftheday,motivation
caroftheday,raleigh
caroftheday,durham
caroftheday,chapelhill
caroftheday,cary
caroftheday,wakeforest
caroftheday,greensboro
caroftheday,charlotte
caroftheday,myrtlebeach
carsofinstagram,cars
carsofinstagram,carolina
carsofinstagram,eastcoast
carsofinstagram,happythursday
carsofinstagram,motivation
carsofinstagram,raleigh
carsofinstagram,durham
carsofinstagram,chapelhill
carsofinstagram,cary
carsofinstagram,wakeforest
carsofinstagram,greensboro
carsofinstagram,charlotte
carsofinstagram,myrtlebeach
cars,carolina
cars,eastcoast
cars,happythursday
cars,motivation
cars,raleigh
cars,durham
cars,chapelhill
cars,cary
cars,wakeforest
cars,greensboro
cars,charlotte
cars,myrtlebeach
carolina,eastcoast
carolina,happythursday
carolina,motivation
carolina,raleigh
carolina,durham
carolina,chapelhill
carolina,cary
carolina,wakeforest
carolina,greensboro
carolina,charlotte
carolina,myrtlebeach
eastcoast,happythursday
eastcoast,motivation
eastcoast,raleigh
eastcoast,durham
eastcoast,chapelhill
eastcoast,cary
eastcoast,wakeforest
eastcoast,greensboro
eastcoast,charlotte
eastcoast,myrtlebeach
happythursday,motivation
happythursday,raleigh
happythursday,durham
happythursday,chapelhill
happythursday,cary
happythursday,wakeforest
happythursday,greensboro
happythursday,charlotte
happythursday,myrtlebeach
motivation,raleigh
motivation,durham
motivation,chapelhill
motivation,cary
motivation,wakeforest
motivation,greensboro
motivation,charlotte
motivation,myrtlebeach
raleigh,durham
raleigh,chapelhill
raleigh,cary
raleigh,wakeforest
raleigh,greensboro
raleigh,charlotte
raleigh,myrtlebeach
durham,chapelhill
durham,cary
durham,wakeforest
durham,greensboro
durham,charlotte
durham,myrtlebeach
chapelhill,cary
chapelhill,wakeforest
chapelhill,greensboro
chapelhill,charlotte
chapelhill,myrtlebeach
cary,wakeforest
cary,greensboro
cary,charlotte
cary,myrtlebeach
wakeforest,greensboro
wakeforest,charlotte
wakeforest,myrtlebeach
greensboro,charlotte
greensboro,myrtlebeach
charlotte,myrtlebeach
trifoodies,raleigh
trifoodies,raleigheats
trifoodies,raleighfoodies
trifoodies,raleighfoodpics
trifoodies,downtownraleigh
trifoodies,oakcity
trifoodies,ncstate
trifoodies,spoon_ncsu
trifoodies,durham
trifoodies,durhameats
trifoodies,durhamfoodies
trifoodies,durhamfoodpics
trifoodies,bullcity
trifoodies,bitesofbullcity
trifoodies,duke
trifoodies,spoon_duke
trifoodies,chapelhill
trifoodies,unc
trifoodies,carolina
trifoodies,spoon_unc
trifoodies,tarheels
trifoodies,tarheelfoodies
trifoodies,visitnc
trifoodies,ncfoodfinds
trifoodies,northcarolina
trifoodies,919
trifoodies,dineinthe919
trifoodies,919eats
raleigh,raleigheats
raleigh,raleighfoodies
raleigh,raleighfoodpics
raleigh,downtownraleigh
raleigh,oakcity
raleigh,ncstate
raleigh,spoon_ncsu
raleigh,durham
raleigh,durhameats
raleigh,durhamfoodies
raleigh,durhamfoodpics
raleigh,bullcity
raleigh,bitesofbullcity
raleigh,duke
raleigh,spoon_duke
raleigh,chapelhill
raleigh,unc
raleigh,carolina
raleigh,spoon_unc
raleigh,tarheels
raleigh,tarheelfoodies
raleigh,visitnc
raleigh,ncfoodfinds
raleigh,northcarolina
raleigh,919
raleigh,dineinthe919
raleigh,919eats
raleigheats,raleighfoodies
raleigheats,raleighfoodpics
raleigheats,downtownraleigh
raleigheats,oakcity
raleigheats,ncstate
raleigheats,spoon_ncsu
raleigheats,durham
raleigheats,durhameats
raleigheats,durhamfoodies
raleigheats,durhamfoodpics
raleigheats,bullcity
raleigheats,bitesofbullcity
raleigheats,duke
raleigheats,spoon_duke
raleigheats,chapelhill
raleigheats,unc
raleigheats,carolina
raleigheats,spoon_unc
raleigheats,tarheels
raleigheats,tarheelfoodies
raleigheats,visitnc
raleigheats,ncfoodfinds
raleigheats,northcarolina
raleigheats,919
raleigheats,dineinthe919
raleigheats,919eats
raleighfoodies,raleighfoodpics
raleighfoodies,downtownraleigh
raleighfoodies,oakcity
raleighfoodies,ncstate
raleighfoodies,spoon_ncsu
raleighfoodies,durham
raleighfoodies,durhameats
raleighfoodies,durhamfoodies
raleighfoodies,durhamfoodpics
raleighfoodies,bullcity
raleighfoodies,bitesofbullcity
raleighfoodies,duke
raleighfoodies,spoon_duke
raleighfoodies,chapelhill
raleighfoodies,unc
raleighfoodies,carolina
raleighfoodies,spoon_unc
raleighfoodies,tarheels
raleighfoodies,tarheelfoodies
raleighfoodies,visitnc
raleighfoodies,ncfoodfinds
raleighfoodies,northcarolina
raleighfoodies,919
raleighfoodies,dineinthe919
raleighfoodies,919eats
raleighfoodpics,downtownraleigh
raleighfoodpics,oakcity
raleighfoodpics,ncstate
raleighfoodpics,spoon_ncsu
raleighfoodpics,durham
raleighfoodpics,durhameats
raleighfoodpics,durhamfoodies
raleighfoodpics,durhamfoodpics
raleighfoodpics,bullcity
raleighfoodpics,bitesofbullcity
raleighfoodpics,duke
raleighfoodpics,spoon_duke
raleighfoodpics,chapelhill
raleighfoodpics,unc
raleighfoodpics,carolina
raleighfoodpics,spoon_unc
raleighfoodpics,tarheels
raleighfoodpics,tarheelfoodies
raleighfoodpics,visitnc
raleighfoodpics,ncfoodfinds
raleighfoodpics,northcarolina
raleighfoodpics,919
raleighfoodpics,dineinthe919
raleighfoodpics,919eats
downtownraleigh,oakcity
downtownraleigh,ncstate
downtownraleigh,spoon_ncsu
downtownraleigh,durham
downtownraleigh,durhameats
downtownraleigh,durhamfoodies
downtownraleigh,durhamfoodpics
downtownraleigh,bullcity
downtownraleigh,bitesofbullcity
downtownraleigh,duke
downtownraleigh,spoon_duke
downtownraleigh,chapelhill
downtownraleigh,unc
downtownraleigh,carolina
downtownraleigh,spoon_unc
downtownraleigh,tarheels
downtownraleigh,tarheelfoodies
downtownraleigh,visitnc
downtownraleigh,ncfoodfinds
downtownraleigh,northcarolina
downtownraleigh,919
downtownraleigh,dineinthe919
downtownraleigh,919eats
oakcity,ncstate
oakcity,spoon_ncsu
oakcity,durham
oakcity,durhameats
oakcity,durhamfoodies
oakcity,durhamfoodpics
oakcity,bullcity
oakcity,bitesofbullcity
oakcity,duke
oakcity,spoon_duke
oakcity,chapelhill
oakcity,unc
oakcity,carolina
oakcity,spoon_unc
oakcity,tarheels
oakcity,tarheelfoodies
oakcity,visitnc
oakcity,ncfoodfinds
oakcity,northcarolina
oakcity,919
oakcity,dineinthe919
oakcity,919eats
ncstate,spoon_ncsu
ncstate,durham
ncstate,durhameats
ncstate,durhamfoodies
ncstate,durhamfoodpics
ncstate,bullcity
ncstate,bitesofbullcity
ncstate,duke
ncstate,spoon_duke
ncstate,chapelhill
ncstate,unc
ncstate,carolina
ncstate,spoon_unc
ncstate,tarheels
ncstate,tarheelfoodies
ncstate,visitnc
ncstate,ncfoodfinds
ncstate,northcarolina
ncstate,919
ncstate,dineinthe919
ncstate,919eats
spoon_ncsu,durham
spoon_ncsu,durhameats
spoon_ncsu,durhamfoodies
spoon_ncsu,durhamfoodpics
spoon_ncsu,bullcity
spoon_ncsu,bitesofbullcity
spoon_ncsu,duke
spoon_ncsu,spoon_duke
spoon_ncsu,chapelhill
spoon_ncsu,unc
spoon_ncsu,carolina
spoon_ncsu,spoon_unc
spoon_ncsu,tarheels
spoon_ncsu,tarheelfoodies
spoon_ncsu,visitnc
spoon_ncsu,ncfoodfinds
spoon_ncsu,northcarolina
spoon_ncsu,919
spoon_ncsu,dineinthe919
spoon_ncsu,919eats
durham,durhameats
durham,durhamfoodies
durham,durhamfoodpics
durham,bullcity
durham,bitesofbullcity
durham,duke
durham,spoon_duke
durham,chapelhill
durham,unc
durham,carolina
durham,spoon_unc
durham,tarheels
durham,tarheelfoodies
durham,visitnc
durham,ncfoodfinds
durham,northcarolina
durham,919
durham,dineinthe919
durham,919eats
durhameats,durhamfoodies
durhameats,durhamfoodpics
durhameats,bullcity
durhameats,bitesofbullcity
durhameats,duke
durhameats,spoon_duke
durhameats,chapelhill
durhameats,unc
durhameats,carolina
durhameats,spoon_unc
durhameats,tarheels
durhameats,tarheelfoodies
durhameats,visitnc
durhameats,ncfoodfinds
durhameats,northcarolina
durhameats,919
durhameats,dineinthe919
durhameats,919eats
durhamfoodies,durhamfoodpics
durhamfoodies,bullcity
durhamfoodies,bitesofbullcity
durhamfoodies,duke
durhamfoodies,spoon_duke
durhamfoodies,chapelhill
durhamfoodies,unc
durhamfoodies,carolina
durhamfoodies,spoon_unc
durhamfoodies,tarheels
durhamfoodies,tarheelfoodies
durhamfoodies,visitnc
durhamfoodies,ncfoodfinds
durhamfoodies,northcarolina
durhamfoodies,919
durhamfoodies,dineinthe919
durhamfoodies,919eats
durhamfoodpics,bullcity
durhamfoodpics,bitesofbullcity
durhamfoodpics,duke
durhamfoodpics,spoon_duke
durhamfoodpics,chapelhill
durhamfoodpics,unc
durhamfoodpics,carolina
durhamfoodpics,spoon_unc
durhamfoodpics,tarheels
durhamfoodpics,tarheelfoodies
durhamfoodpics,visitnc
durhamfoodpics,ncfoodfinds
durhamfoodpics,northcarolina
durhamfoodpics,919
durhamfoodpics,dineinthe919
durhamfoodpics,919eats
bullcity,bitesofbullcity
bullcity,duke
bullcity,spoon_duke
bullcity,chapelhill
bullcity,unc
bullcity,carolina
bullcity,spoon_unc
bullcity,tarheels
bullcity,tarheelfoodies
bullcity,visitnc
bullcity,ncfoodfinds
bullcity,northcarolina
bullcity,919
bullcity,dineinthe919
bullcity,919eats
bitesofbullcity,duke
bitesofbullcity,spoon_duke
bitesofbullcity,chapelhill
bitesofbullcity,unc
bitesofbullcity,carolina
bitesofbullcity,spoon_unc
bitesofbullcity,tarheels
bitesofbullcity,tarheelfoodies
bitesofbullcity,visitnc
bitesofbullcity,ncfoodfinds
bitesofbullcity,northcarolina
bitesofbullcity,919
bitesofbullcity,dineinthe919
bitesofbullcity,919eats
duke,spoon_duke
duke,chapelhill
duke,unc
duke,carolina
duke,spoon_unc
duke,tarheels
duke,tarheelfoodies
duke,visitnc
duke,ncfoodfinds
duke,northcarolina
duke,919
duke,dineinthe919
duke,919eats
spoon_duke,chapelhill
spoon_duke,unc
spoon_duke,carolina
spoon_duke,spoon_unc
spoon_duke,tarheels
spoon_duke,tarheelfoodies
spoon_duke,visitnc
spoon_duke,ncfoodfinds
spoon_duke,northcarolina
spoon_duke,919
spoon_duke,dineinthe919
spoon_duke,919eats
chapelhill,unc
chapelhill,carolina
chapelhill,spoon_unc
chapelhill,tarheels
chapelhill,tarheelfoodies
chapelhill,visitnc
chapelhill,ncfoodfinds
chapelhill,northcarolina
chapelhill,919
chapelhill,dineinthe919
chapelhill,919eats
unc,carolina
unc,spoon_unc
unc,tarheels
unc,tarheelfoodies
unc,visitnc
unc,ncfoodfinds
unc,northcarolina
unc,919
unc,dineinthe919
unc,919eats
carolina,spoon_unc
carolina,tarheels
carolina,tarheelfoodies
carolina,visitnc
carolina,ncfoodfinds
carolina,northcarolina
carolina,919
carolina,dineinthe919
carolina,919eats
spoon_unc,tarheels
spoon_unc,tarheelfoodies
spoon_unc,visitnc
spoon_unc,ncfoodfinds
spoon_unc,northcarolina
spoon_unc,919
spoon_unc,dineinthe919
spoon_unc,919eats
tarheels,tarheelfoodies
tarheels,visitnc
tarheels,ncfoodfinds
tarheels,northcarolina
tarheels,919
tarheels,dineinthe919
tarheels,919eats
tarheelfoodies,visitnc
tarheelfoodies,ncfoodfinds
tarheelfoodies,northcarolina
tarheelfoodies,919
tarheelfoodies,dineinthe919
tarheelfoodies,919eats
visitnc,ncfoodfinds
visitnc,northcarolina
visitnc,919
visitnc,dineinthe919
visitnc,919eats
ncfoodfinds,northcarolina
ncfoodfinds,919
ncfoodfinds,dineinthe919
ncfoodfinds,919eats
northcarolina,919
northcarolina,dineinthe919
northcarolina,919eats
919,dineinthe919
919,919eats
dineinthe919,919eats
natural,frame
natural,chapelhill
natural,nc
natural,fall
natural,autumn
natural,colorful
frame,chapelhill
frame,nc
frame,fall
frame,autumn
frame,colorful
chapelhill,nc
chapelhill,fall
chapelhill,autumn
chapelhill,colorful
nc,fall
nc,autumn
nc,colorful
fall,autumn
fall,colorful
autumn,colorful
home,NC
home,NorthCarolina
home,love
home,community
home,dance
home,UNC
home,ChapelHill
home,alumni
home,family
home,ilovemylife
home,NCtoLA
home,NCtoLAtoNC
NC,NorthCarolina
NC,love
NC,community
NC,dance
NC,UNC
NC,ChapelHill
NC,alumni
NC,family
NC,ilovemylife
NC,NCtoLA
NC,NCtoLAtoNC
NorthCarolina,love
NorthCarolina,community
NorthCarolina,dance
NorthCarolina,UNC
NorthCarolina,ChapelHill
NorthCarolina,alumni
NorthCarolina,family
NorthCarolina,ilovemylife
NorthCarolina,NCtoLA
NorthCarolina,NCtoLAtoNC
love,community
love,dance
love,UNC
love,ChapelHill
love,alumni
love,family
love,ilovemylife
love,NCtoLA
love,NCtoLAtoNC
community,dance
community,UNC
community,ChapelHill
community,alumni
community,family
community,ilovemylife
community,NCtoLA
community,NCtoLAtoNC
dance,UNC
dance,ChapelHill
dance,alumni
dance,family
dance,ilovemylife
dance,NCtoLA
dance,NCtoLAtoNC
UNC,ChapelHill
UNC,alumni
UNC,family
UNC,ilovemylife
UNC,NCtoLA
UNC,NCtoLAtoNC
ChapelHill,alumni
ChapelHill,family
ChapelHill,ilovemylife
ChapelHill,NCtoLA
ChapelHill,NCtoLAtoNC
alumni,family
alumni,ilovemylife
alumni,NCtoLA
alumni,NCtoLAtoNC
family,ilovemylife
family,NCtoLA
family,NCtoLAtoNC
ilovemylife,NCtoLA
ilovemylife,NCtoLAtoNC
NCtoLA,NCtoLAtoNC
ReallyEmotionalTour,chapelhill
ReallyEmotionalTour,nc
chapelhill,nc
fashion,fall
fashion,autumn
fashion,happy
fashion,love
fashion,exams
fashion,school
fashion,student
fashion,college
fashion,unc
fashion,targram
fashion,tarheel
fashion,chapelhill
fashion,nc
fashion,photography
fashion,art
fall,autumn
fall,happy
fall,love
fall,exams
fall,school
fall,student
fall,college
fall,unc
fall,targram
fall,tarheel
fall,chapelhill
fall,nc
fall,photography
fall,art
autumn,happy
autumn,love
autumn,exams
autumn,school
autumn,student
autumn,college
autumn,unc
autumn,targram
autumn,tarheel
autumn,chapelhill
autumn,nc
autumn,photography
autumn,art
happy,love
happy,exams
happy,school
happy,student
happy,college
happy,unc
happy,targram
happy,tarheel
happy,chapelhill
happy,nc
happy,photography
happy,art
love,exams
love,school
love,student
love,college
love,unc
love,targram
love,tarheel
love,chapelhill
love,nc
love,photography
love,art
exams,school
exams,student
exams,college
exams,unc
exams,targram
exams,tarheel
exams,chapelhill
exams,nc
exams,photography
exams,art
school,student
school,college
school,unc
school,targram
school,tarheel
school,chapelhill
school,nc
school,photography
school,art
student,college
student,unc
student,targram
student,tarheel
student,chapelhill
student,nc
student,photography
student,art
college,unc
college,targram
college,tarheel
college,chapelhill
college,nc
college,photography
college,art
unc,targram
unc,tarheel
unc,chapelhill
unc,nc
unc,photography
unc,art
targram,tarheel
targram,chapelhill
targram,nc
targram,photography
targram,art
tarheel,chapelhill
tarheel,nc
tarheel,photography
tarheel,art
chapelhill,nc
chapelhill,photography
chapelhill,art
nc,photography
nc,art
photography,art
bob,lob
bob,chapelhill
lob,chapelhill
chapelhill,beautiful
chapelhill,foreversummer2016
beautiful,foreversummer2016
